$GPRMC,052624.301,A,4458.8185,N,01356.2287,E,0.09,0.00,310719,,,A*68,26.05
$GPRMC,052626.000,A,4458.8182,N,01356.2290,E,0.06,0.00,310719,,,A*66,26.05
$GPRMC,052627.000,A,4458.8183,N,01356.2295,E,0.25,0.00,310719,,,A*62,26.05
$GPRMC,052628.000,A,4458.8183,N,01356.2298,E,0.24,0.00,310719,,,A*61,26.05
$GPRMC,052629.000,A,4458.8182,N,01356.2297,E,0.15,0.00,310719,,,A*6C,26.05
$GPRMC,052630.000,A,4458.8182,N,01356.2297,E,0.28,0.00,310719,,,A*6A,26.05
$GPRMC,052631.000,A,4458.8181,N,01356.2297,E,0.27,0.00,310719,,,A*67,26.05
$GPRMC,052632.000,A,4458.8180,N,01356.2298,E,0.25,0.00,310719,,,A*68,26.05
$GPRMC,052633.000,A,4458.8178,N,01356.2294,E,0.30,0.00,310719,,,A*66,26.05
$GPRMC,052634.000,A,4458.8176,N,01356.2292,E,0.21,0.00,310719,,,A*69,26.05
$GPRMC,052635.000,A,4458.8174,N,01356.2287,E,0.13,0.00,310719,,,A*6F,26.05
$GPRMC,052636.000,A,4458.8172,N,01356.2286,E,0.04,0.00,310719,,,A*6D,26.05
$GPRMC,052637.000,A,4458.8171,N,01356.2284,E,0.25,0.00,310719,,,A*6E,26.05
$GPRMC,052638.000,A,4458.8169,N,01356.2279,E,0.10,0.00,310719,,,A*6C,26.38
$GPRMC,052639.000,A,4458.8168,N,01356.2277,E,0.09,0.00,310719,,,A*6A,26.05
$GPRMC,052640.000,A,4458.8167,N,01356.2275,E,0.02,0.00,310719,,,A*62,26.05
$GPRMC,052641.000,A,4458.8168,N,01356.2277,E,0.04,0.00,310719,,,A*68,26.05
$GPRMC,052642.000,A,4458.8168,N,01356.2275,E,0.04,0.00,310719,,,A*69,26.05
$GPRMC,052643.000,A,4458.8168,N,01356.2275,E,0.05,0.00,310719,,,A*69,26.05
$GPRMC,052644.000,A,4458.8167,N,01356.2274,E,0.10,0.00,310719,,,A*64,26.38
$GPRMC,052645.000,A,4458.8167,N,01356.2274,E,0.15,0.00,310719,,,A*60,26.38
$GPRMC,052646.000,A,4458.8166,N,01356.2273,E,0.08,0.00,310719,,,A*69,26.38
$GPRMC,052647.000,A,4458.8165,N,01356.2271,E,0.21,0.00,310719,,,A*62,26.05
$GPRMC,052648.000,A,4458.8165,N,01356.2273,E,0.06,0.00,310719,,,A*6A,26.38
$GPRMC,052649.000,A,4458.8165,N,01356.2271,E,0.13,0.00,310719,,,A*6D,26.38
$GPRMC,052650.000,A,4458.8163,N,01356.2270,E,0.24,0.00,310719,,,A*66,26.38
$GPRMC,052651.000,A,4458.8162,N,01356.2268,E,0.10,0.00,310719,,,A*68,26.38
$GPRMC,052652.000,A,4458.8159,N,01356.2263,E,0.05,0.00,310719,,,A*6C,26.38
$GPRMC,052653.000,A,4458.8157,N,01356.2260,E,0.09,0.00,310719,,,A*6C,26.38
$GPRMC,052654.000,A,4458.8155,N,01356.2257,E,0.03,0.00,310719,,,A*67,26.38
$GPRMC,052655.000,A,4458.8153,N,01356.2254,E,0.03,0.00,310719,,,A*63,26.38
$GPRMC,052656.000,A,4458.8152,N,01356.2253,E,0.04,0.00,310719,,,A*61,26.05
$GPRMC,052657.000,A,4458.8151,N,01356.2251,E,0.03,0.00,310719,,,A*66,26.38
$GPRMC,052658.000,A,4458.8151,N,01356.2251,E,0.04,0.00,310719,,,A*6E,26.38
$GPRMC,052659.000,A,4458.8151,N,01356.2251,E,0.02,0.00,310719,,,A*69,26.38
$GPRMC,052700.000,A,4458.8151,N,01356.2251,E,0.04,0.00,310719,,,A*62,26.05
$GPRMC,052701.000,A,4458.8151,N,01356.2252,E,0.02,0.00,310719,,,A*66,26.38
$GPRMC,052702.000,A,4458.8151,N,01356.2252,E,0.02,0.00,310719,,,A*65,26.38
$GPRMC,052703.000,A,4458.8149,N,01356.2252,E,0.02,0.00,310719,,,A*6D,26.38
$GPRMC,052704.000,A,4458.8148,N,01356.2252,E,0.01,0.00,310719,,,A*68,26.05
$GPRMC,052705.000,A,4458.8146,N,01356.2253,E,0.03,0.00,310719,,,A*64,26.05
$GPRMC,052706.000,A,4458.8146,N,01356.2254,E,0.53,0.00,310719,,,A*65,26.38
$GPRMC,052707.000,A,4458.8149,N,01356.2255,E,1.54,0.00,310719,,,A*6C,26.05
$GPRMC,052708.000,A,4458.8153,N,01356.2257,E,1.75,2.31,310719,,,A*69,26.38
$GPRMC,052709.000,A,4458.8158,N,01356.2261,E,2.18,2.75,310719,,,A*6E,26.38
$GPRMC,052710.000,A,4458.8166,N,01356.2263,E,3.89,357.94,310719,,,A*6C,26.38
$GPRMC,052711.000,A,4458.8177,N,01356.2261,E,3.95,356.09,310719,,,A*67,26.38
$GPRMC,052712.000,A,4458.8187,N,01356.2254,E,3.95,353.20,310719,,,A*63,26.38
$GPRMC,052713.000,A,4458.8196,N,01356.2245,E,4.41,349.72,310719,,,A*60,26.05
$GPRMC,052714.000,A,4458.8203,N,01356.2233,E,4.20,344.88,310719,,,A*66,26.38
$GPRMC,052715.000,A,4458.8209,N,01356.2219,E,4.77,339.77,310719,,,A*6D,26.38
$GPRMC,052716.000,A,4458.8214,N,01356.2203,E,4.80,335.55,310719,,,A*6D,26.38
$GPRMC,052717.000,A,4458.8219,N,01356.2187,E,5.00,330.55,310719,,,A*62,26.38
$GPRMC,052718.000,A,4458.8223,N,01356.2168,E,5.70,325.92,310719,,,A*6D,26.38
$GPRMC,052719.000,A,4458.8225,N,01356.2145,E,6.71,320.84,310719,,,A*65,26.38
$GPRMC,052720.000,A,4458.8226,N,01356.2120,E,6.92,316.07,310719,,,A*6C,26.38
$GPRMC,052721.000,A,4458.8227,N,01356.2092,E,7.89,311.55,310719,,,A*6F,26.38
$GPRMC,052722.000,A,4458.8229,N,01356.2061,E,8.62,307.30,310719,,,A*60,26.38
$GPRMC,052723.000,A,4458.8232,N,01356.2027,E,8.97,303.50,310719,,,A*61,26.38
$GPRMC,052724.000,A,4458.8236,N,01356.1991,E,9.63,281.34,310719,,,A*66,26.38
$GPRMC,052725.000,A,4458.8244,N,01356.1953,E,11.11,287.66,310719,,,A*51,26.38
$GPRMC,052726.000,A,4458.8255,N,01356.1909,E,12.22,292.14,310719,,,A*5F,26.38
$GPRMC,052727.000,A,4458.8270,N,01356.1865,E,12.48,291.89,310719,,,A*59,26.38
$GPRMC,052728.000,A,4458.8282,N,01356.1820,E,12.89,289.62,310719,,,A*5B,26.38
$GPRMC,052729.000,A,4458.8292,N,01356.1772,E,12.85,283.37,310719,,,A*55,26.38
$GPRMC,052730.000,A,4458.8300,N,01356.1724,E,12.41,283.84,310719,,,A*54,26.38
$GPRMC,052731.000,A,4458.8309,N,01356.1677,E,12.45,286.45,310719,,,A*57,26.38
$GPRMC,052732.000,A,4458.8320,N,01356.1631,E,12.26,287.97,310719,,,A*56,26.38
$GPRMC,052733.000,A,4458.8330,N,01356.1585,E,12.21,286.37,310719,,,A*56,26.38
$GPRMC,052734.000,A,4458.8338,N,01356.1539,E,12.51,284.50,310719,,,A*5A,26.38
$GPRMC,052735.000,A,4458.8345,N,01356.1490,E,12.92,283.62,310719,,,A*5A,26.38
$GPRMC,052736.000,A,4458.8350,N,01356.1441,E,12.60,273.28,310719,,,A*5D,26.38
$GPRMC,052737.000,A,4458.8351,N,01356.1392,E,12.55,272.70,310719,,,A*5E,26.38
$GPRMC,052738.000,A,4458.8355,N,01356.1344,E,12.23,273.29,310719,,,A*52,26.38
$GPRMC,052739.000,A,4458.8365,N,01356.1297,E,12.72,275.16,310719,,,A*51,26.38
$GPRMC,052740.000,A,4458.8381,N,01356.1251,E,13.35,277.67,310719,,,A*59,26.38
$GPRMC,052741.000,A,4458.8401,N,01356.1210,E,12.62,280.51,310719,,,A*5C,26.38
$GPRMC,052742.000,A,4458.8423,N,01356.1173,E,12.13,283.46,310719,,,A*5A,26.38
$GPRMC,052743.000,A,4458.8444,N,01356.1139,E,11.12,285.82,310719,,,A*58,26.38
$GPRMC,052744.000,A,4458.8462,N,01356.1107,E,9.81,288.14,310719,,,A*67,26.38
$GPRMC,052745.000,A,4458.8473,N,01356.1074,E,9.36,288.99,310719,,,A*6A,26.38
$GPRMC,052746.000,A,4458.8477,N,01356.1037,E,10.09,271.39,310719,,,A*52,26.38
$GPRMC,052747.000,A,4458.8473,N,01356.0997,E,10.52,255.92,310719,,,A*5C,26.38
$GPRMC,052748.000,A,4458.8464,N,01356.0959,E,10.57,249.63,310719,,,A*51,26.38
$GPRMC,052749.000,A,4458.8455,N,01356.0922,E,10.29,248.13,310719,,,A*51,26.38
$GPRMC,052750.000,A,4458.8445,N,01356.0887,E,9.58,248.41,310719,,,A*6F,26.38
$GPRMC,052751.000,A,4458.8436,N,01356.0856,E,7.91,248.88,310719,,,A*68,26.38
$GPRMC,052752.000,A,4458.8427,N,01356.0831,E,6.43,241.31,310719,,,A*6F,26.38
$GPRMC,052753.000,A,4458.8415,N,01356.0806,E,8.16,232.61,310719,,,A*64,26.38
$GPRMC,052754.000,A,4458.8397,N,01356.0778,E,10.26,227.51,310719,,,A*55,26.38
$GPRMC,052755.000,A,4458.8373,N,01356.0747,E,12.22,222.38,310719,,,A*5E,26.38
$GPRMC,052756.000,A,4458.8347,N,01356.0709,E,14.55,222.96,310719,,,A*52,26.38
$GPRMC,052757.000,A,4458.8314,N,01356.0665,E,16.97,225.52,310719,,,A*5D,26.38
$GPRMC,052758.000,A,4458.8276,N,01356.0615,E,17.83,227.07,310719,,,A*56,26.38
$GPRMC,052759.000,A,4458.8239,N,01356.0563,E,19.59,228.61,310719,,,A*58,26.38
$GPRMC,052800.000,A,4458.8200,N,01356.0506,E,20.20,228.48,310719,,,A*5D,26.38
$GPRMC,052801.000,A,4458.8159,N,01356.0447,E,20.59,229.87,310719,,,A*5B,26.38
$GPRMC,052802.000,A,4458.8123,N,01356.0386,E,20.43,230.38,310719,,,A*58,26.38
$GPRMC,052803.000,A,4458.8089,N,01356.0318,E,20.00,236.07,310719,,,A*52,26.38
$GPRMC,052804.000,A,4458.8060,N,01356.0251,E,19.46,238.97,310719,,,A*51,26.38
$GPRMC,052805.000,A,4458.8030,N,01356.0188,E,18.88,238.39,310719,,,A*55,26.38
$GPRMC,052806.000,A,4458.7990,N,01356.0136,E,19.82,211.60,310719,,,A*53,26.38
$GPRMC,052807.000,A,4458.7939,N,01356.0104,E,20.29,197.07,310719,,,A*57,26.38
$GPRMC,052808.000,A,4458.7883,N,01356.0085,E,21.31,190.46,310719,,,A*5A,26.05
$GPRMC,052809.000,A,4458.7823,N,01356.0069,E,22.61,190.68,310719,,,A*59,26.38
$GPRMC,052810.000,A,4458.7760,N,01356.0050,E,23.36,192.84,310719,,,A*50,26.38
$GPRMC,052811.000,A,4458.7694,N,01356.0026,E,24.97,194.94,310719,,,A*51,26.38
$GPRMC,052812.000,A,4458.7627,N,01355.9999,E,25.13,196.14,310719,,,A*5A,26.38
$GPRMC,052813.000,A,4458.7558,N,01355.9973,E,25.90,194.18,310719,,,A*51,26.38
$GPRMC,052814.000,A,4458.7486,N,01355.9951,E,26.88,189.84,310719,,,A*57,26.38
$GPRMC,052815.000,A,4458.7410,N,01355.9935,E,27.91,187.52,310719,,,A*57,26.38
$GPRMC,052816.000,A,4458.7332,N,01355.9920,E,28.67,187.29,310719,,,A*5D,26.38
$GPRMC,052817.000,A,4458.7252,N,01355.9906,E,28.73,186.91,310719,,,A*58,26.38
$GPRMC,052818.000,A,4458.7169,N,01355.9896,E,29.23,183.70,310719,,,A*5A,26.38
$GPRMC,052819.000,A,4458.7086,N,01355.9900,E,29.91,173.36,310719,,,A*51,26.38
$GPRMC,052820.000,A,4458.7005,N,01355.9920,E,30.78,168.20,310719,,,A*50,26.38
$GPRMC,052821.000,A,4458.6924,N,01355.9949,E,29.19,163.24,310719,,,A*55,26.38
$GPRMC,052822.000,A,4458.6843,N,01355.9985,E,31.13,161.39,310719,,,A*5B,26.38
$GPRMC,052823.000,A,4458.6760,N,01356.0024,E,30.78,162.07,310719,,,A*5E,26.38
$GPRMC,052824.000,A,4458.6679,N,01356.0061,E,30.90,162.32,310719,,,A*51,26.38
$GPRMC,052825.000,A,4458.6597,N,01356.0097,E,30.62,163.25,310719,,,A*50,26.38
$GPRMC,052826.000,A,4458.6515,N,01356.0131,E,30.85,163.78,310719,,,A*55,26.38
$GPRMC,052827.000,A,4458.6435,N,01356.0162,E,29.47,165.98,310719,,,A*5F,26.05
$GPRMC,052828.000,A,4458.6353,N,01356.0185,E,30.35,172.30,310719,,,A*57,26.38
$GPRMC,052829.000,A,4458.6271,N,01356.0193,E,29.29,179.33,310719,,,A*5D,26.38
$GPRMC,052830.000,A,4458.6188,N,01356.0189,E,30.06,185.01,310719,,,A*5C,26.05
$GPRMC,052831.000,A,4458.6104,N,01356.0175,E,30.55,187.42,310719,,,A*59,26.38
$GPRMC,052832.000,A,4458.6021,N,01356.0159,E,30.55,187.22,310719,,,A*54,26.38
$GPRMC,052833.000,A,4458.5937,N,01356.0147,E,30.50,183.96,310719,,,A*59,26.05
$GPRMC,052834.000,A,4458.5851,N,01356.0142,E,32.01,180.66,310719,,,A*50,26.05
$GPRMC,052835.000,A,4458.5761,N,01356.0142,E,32.94,179.00,310719,,,A*57,26.05
$GPRMC,052836.000,A,4458.5670,N,01356.0147,E,32.45,176.95,310719,,,A*5F,26.05
$GPRMC,052837.000,A,4458.5580,N,01356.0157,E,33.29,173.88,310719,,,A*51,26.05
$GPRMC,052838.000,A,4458.5491,N,01356.0176,E,31.05,168.85,310719,,,A*57,26.38
$GPRMC,052839.000,A,4458.5405,N,01356.0203,E,31.78,165.13,310719,,,A*52,26.05
$GPRMC,052840.000,A,4458.5321,N,01356.0235,E,31.79,165.43,310719,,,A*5C,26.05
$GPRMC,052841.000,A,4458.5237,N,01356.0259,E,30.55,172.30,310719,,,A*5C,26.05
$GPRMC,052842.000,A,4458.5155,N,01356.0266,E,27.90,180.44,310719,,,A*55,26.05
$GPRMC,052843.000,A,4458.5070,N,01356.0258,E,30.53,187.39,310719,,,A*5B,26.05
$GPRMC,052844.000,A,4458.4986,N,01356.0236,E,29.54,192.08,310719,,,A*5C,26.05
$GPRMC,052845.000,A,4458.4902,N,01356.0216,E,29.03,186.16,310719,,,A*5B,26.05
$GPRMC,052846.000,A,4458.4817,N,01356.0213,E,31.53,177.56,310719,,,A*5E,26.05
$GPRMC,052847.000,A,4458.4727,N,01356.0222,E,33.05,174.06,310719,,,A*56,26.05
$GPRMC,052848.000,A,4458.4635,N,01356.0235,E,33.46,174.59,310719,,,A*50,26.05
$GPRMC,052849.000,A,4458.4541,N,01356.0247,E,34.31,175.40,310719,,,A*5A,26.05
$GPRMC,052850.000,A,4458.4447,N,01356.0257,E,33.67,176.22,310719,,,A*57,26.05
$GPRMC,052851.000,A,4458.4354,N,01356.0265,E,33.15,176.45,310719,,,A*56,26.05
$GPRMC,052852.000,A,4458.4263,N,01356.0273,E,32.89,176.24,310719,,,A*54,26.05
$GPRMC,052853.000,A,4458.4172,N,01356.0280,E,32.35,177.50,310719,,,A*5F,26.05
$GPRMC,052854.000,A,4458.4082,N,01356.0280,E,31.96,182.58,310719,,,A*5E,26.05
$GPRMC,052855.000,A,4458.3992,N,01356.0266,E,32.40,189.57,310719,,,A*54,26.05
$GPRMC,052856.000,A,4458.3904,N,01356.0237,E,32.00,195.98,310719,,,A*56,26.05
$GPRMC,052857.000,A,4458.3819,N,01356.0200,E,31.60,197.77,310719,,,A*58,26.05
$GPRMC,052858.000,A,4458.3735,N,01356.0161,E,31.54,197.69,310719,,,A*5A,26.05
$GPRMC,052859.000,A,4458.3652,N,01356.0125,E,30.75,195.77,310719,,,A*54,26.05
$GPRMC,052900.000,A,4458.3571,N,01356.0094,E,29.88,192.29,310719,,,A*56,26.05
$GPRMC,052901.000,A,4458.3491,N,01356.0075,E,28.33,186.94,310719,,,A*55,26.05
$GPRMC,052902.000,A,4458.3413,N,01356.0067,E,27.89,181.14,310719,,,A*5E,26.05
$GPRMC,052903.000,A,4458.3337,N,01356.0065,E,26.79,180.10,310719,,,A*57,26.05
$GPRMC,052904.000,A,4458.3263,N,01356.0064,E,26.33,180.48,310719,,,A*52,26.05
$GPRMC,052905.000,A,4458.3194,N,01356.0072,E,24.07,170.48,310719,,,A*55,26.05
$GPRMC,052906.000,A,4458.3129,N,01356.0103,E,24.99,150.59,310719,,,A*52,26.05
$GPRMC,052907.000,A,4458.3066,N,01356.0162,E,28.04,142.34,310719,,,A*5E,26.05
$GPRMC,052908.000,A,4458.3002,N,01356.0229,E,29.65,145.56,310719,,,A*5A,26.05
$GPRMC,052909.000,A,4458.2928,N,01356.0287,E,31.51,155.18,310719,,,A*5A,26.05
$GPRMC,052910.000,A,4458.2846,N,01356.0335,E,31.97,159.82,310719,,,A*56,26.05
$GPRMC,052911.000,A,4458.2761,N,01356.0377,E,32.40,161.21,310719,,,A*50,26.05
$GPRMC,052912.000,A,4458.2672,N,01356.0417,E,34.13,162.75,310719,,,A*53,26.05
$GPRMC,052913.000,A,4458.2582,N,01356.0459,E,34.16,161.04,310719,,,A*54,26.05
$GPRMC,052914.000,A,4458.2490,N,01356.0502,E,35.88,163.15,310719,,,A*5A,26.05
$GPRMC,052915.000,A,4458.2394,N,01356.0539,E,35.23,165.84,310719,,,A*5F,26.05
$GPRMC,052916.000,A,4458.2297,N,01356.0568,E,35.66,170.57,310719,,,A*51,26.05
$GPRMC,052917.000,A,4458.2198,N,01356.0583,E,35.99,177.06,310719,,,A*5A,26.05
$GPRMC,052918.000,A,4458.2097,N,01356.0584,E,35.68,182.08,310719,,,A*56,26.05
$GPRMC,052919.000,A,4458.1996,N,01356.0578,E,35.72,182.79,310719,,,A*52,26.05
$GPRMC,052920.000,A,4458.1896,N,01356.0573,E,35.51,181.50,310719,,,A*5B,26.05
$GPRMC,052921.000,A,4458.1795,N,01356.0567,E,35.72,182.86,310719,,,A*5A,26.05
$GPRMC,052922.000,A,4458.1697,N,01356.0557,E,35.19,185.90,310719,,,A*54,26.05
$GPRMC,052923.000,A,4458.1598,N,01356.0538,E,35.36,188.54,310719,,,A*58,26.05
$GPRMC,052924.000,A,4458.1501,N,01356.0516,E,35.42,189.57,310719,,,A*52,26.05
$GPRMC,052925.000,A,4458.1403,N,01356.0493,E,35.31,188.99,310719,,,A*5B,26.05
$GPRMC,052926.000,A,4458.1305,N,01356.0475,E,35.31,186.01,310719,,,A*5E,26.05
$GPRMC,052927.000,A,4458.1205,N,01356.0465,E,36.75,181.86,310719,,,A*54,26.05
$GPRMC,052928.000,A,4458.1105,N,01356.0467,E,35.20,176.79,310719,,,A*51,26.05
$GPRMC,052929.000,A,4458.1009,N,01356.0479,E,35.74,173.24,310719,,,A*5E,26.05
$GPRMC,052930.000,A,4458.0913,N,01356.0498,E,34.34,171.46,310719,,,A*59,26.05
$GPRMC,052931.000,A,4458.0820,N,01356.0519,E,33.47,170.98,310719,,,A*50,26.05
$GPRMC,052932.000,A,4458.0728,N,01356.0539,E,33.08,171.07,310719,,,A*5A,26.05
$GPRMC,052933.000,A,4458.0634,N,01356.0559,E,33.07,171.86,310719,,,A*57,26.05
$GPRMC,052934.000,A,4458.0538,N,01356.0580,E,34.94,171.19,310719,,,A*50,26.05
$GPRMC,052935.000,A,4458.0452,N,01356.0601,E,30.83,170.54,310719,,,A*5C,26.05
$GPRMC,052936.000,A,4458.0373,N,01356.0610,E,29.22,180.12,310719,,,A*55,26.05
$GPRMC,052937.000,A,4458.0296,N,01356.0600,E,28.93,189.18,310719,,,A*57,26.05
$GPRMC,052938.000,A,4458.0217,N,01356.0580,E,28.53,191.86,310719,,,A*58,26.05
$GPRMC,052939.000,A,4458.0143,N,01356.0558,E,27.48,190.62,310719,,,A*50,26.05
$GPRMC,052940.000,A,4458.0068,N,01356.0545,E,27.27,183.90,310719,,,A*5C,26.05
$GPRMC,052941.000,A,4457.9992,N,01356.0548,E,28.41,174.53,310719,,,A*52,26.05
$GPRMC,052942.000,A,4457.9914,N,01356.0567,E,29.30,167.30,310719,,,A*52,26.05
$GPRMC,052943.000,A,4457.9835,N,01356.0594,E,29.31,166.80,310719,,,A*56,26.05
$GPRMC,052944.000,A,4457.9758,N,01356.0618,E,29.05,169.47,310719,,,A*51,26.05
$GPRMC,052945.000,A,4457.9679,N,01356.0637,E,29.02,171.52,310719,,,A*55,26.05
$GPRMC,052946.000,A,4457.9601,N,01356.0652,E,28.56,173.46,310719,,,A*5D,26.05
$GPRMC,052947.000,A,4457.9525,N,01356.0665,E,27.95,173.97,310719,,,A*51,26.05
$GPRMC,052948.000,A,4457.9449,N,01356.0677,E,27.41,174.38,310719,,,A*5D,26.05
$GPRMC,052949.000,A,4457.9374,N,01356.0689,E,26.93,173.85,310719,,,A*5B,26.05
$GPRMC,052950.000,A,4457.9301,N,01356.0701,E,26.28,174.02,310719,,,A*58,26.05
$GPRMC,052951.000,A,4457.9231,N,01356.0713,E,25.06,173.85,310719,,,A*5F,26.05
$GPRMC,052952.000,A,4457.9163,N,01356.0725,E,23.95,173.53,310719,,,A*5A,26.05
$GPRMC,052953.000,A,4457.9098,N,01356.0732,E,23.19,178.57,310719,,,A*53,26.05
$GPRMC,052954.000,A,4457.9040,N,01356.0730,E,19.94,184.77,310719,,,A*5E,26.05
$GPRMC,052955.000,A,4457.8991,N,01356.0721,E,16.82,187.71,310719,,,A*56,26.05
$GPRMC,052956.000,A,4457.8951,N,01356.0719,E,13.31,186.63,310719,,,A*5D,26.05
$GPRMC,052957.000,A,4457.8918,N,01356.0729,E,10.98,184.21,310719,,,A*56,26.05
$GPRMC,052958.000,A,4457.8891,N,01356.0748,E,10.77,143.93,310719,,,A*5D,26.05
$GPRMC,052959.000,A,4457.8868,N,01356.0785,E,13.87,124.30,310719,,,A*5F,26.05
$GPRMC,053000.000,A,4457.8853,N,01356.0839,E,17.50,109.75,310719,,,A*5B,26.05
$GPRMC,053001.000,A,4457.8841,N,01356.0912,E,21.42,99.86,310719,,,A*63,26.05
$GPRMC,053002.000,A,4457.8836,N,01356.0998,E,23.99,95.71,310719,,,A*62,26.05
$GPRMC,053003.000,A,4457.8831,N,01356.1101,E,28.80,92.36,310719,,,A*6A,26.05
$GPRMC,053004.000,A,4457.8821,N,01356.1225,E,34.89,99.43,310719,,,A*64,26.05
$GPRMC,053005.000,A,4457.8784,N,01356.1351,E,36.41,124.90,310719,,,A*58,26.05
$GPRMC,053006.000,A,4457.8723,N,01356.1474,E,40.67,126.81,310719,,,A*51,26.05
$GPRMC,053007.000,A,4457.8656,N,01356.1603,E,41.19,127.03,310719,,,A*52,26.05
$GPRMC,053008.000,A,4457.8584,N,01356.1730,E,42.07,131.35,310719,,,A*5E,26.05
$GPRMC,053009.000,A,4457.8508,N,01356.1865,E,45.11,124.57,310719,,,A*54,26.05
$GPRMC,053010.000,A,4457.8440,N,01356.2022,E,48.06,119.19,310719,,,A*56,26.05
$GPRMC,053011.000,A,4457.8377,N,01356.2192,E,50.67,117.59,310719,,,A*5A,26.05
$GPRMC,053012.000,A,4457.8315,N,01356.2370,E,50.00,115.02,310719,,,A*5E,26.05
$GPRMC,053013.000,A,4457.8259,N,01356.2546,E,48.56,113.40,310719,,,A*5F,26.05
$GPRMC,053014.000,A,4457.8207,N,01356.2722,E,48.24,111.43,310719,,,A*57,26.05
$GPRMC,053015.000,A,4457.8160,N,01356.2897,E,47.30,110.66,310719,,,A*59,26.05
$GPRMC,053016.000,A,4457.8114,N,01356.3068,E,47.73,110.34,310719,,,A*50,26.05
$GPRMC,053017.000,A,4457.8072,N,01356.3234,E,43.93,108.57,310719,,,A*5D,26.05
$GPRMC,053018.000,A,4457.8036,N,01356.3392,E,41.24,107.46,310719,,,A*5E,26.05
$GPRMC,053019.000,A,4457.8001,N,01356.3541,E,39.56,108.46,310719,,,A*56,26.05
$GPRMC,053020.000,A,4457.7974,N,01356.3682,E,35.85,105.04,310719,,,A*5D,26.05
$GPRMC,053021.000,A,4457.7946,N,01356.3811,E,32.89,107.30,310719,,,A*57,26.05
$GPRMC,053022.000,A,4457.7911,N,01356.3923,E,31.14,119.15,310719,,,A*59,26.05
$GPRMC,053023.000,A,4457.7859,N,01356.4018,E,30.89,135.54,310719,,,A*5D,26.05
$GPRMC,053024.000,A,4457.7790,N,01356.4089,E,31.43,151.55,310719,,,A*5C,26.05
$GPRMC,053025.000,A,4457.7711,N,01356.4137,E,31.21,159.27,310719,,,A*59,26.05
$GPRMC,053026.000,A,4457.7631,N,01356.4178,E,30.29,161.00,310719,,,A*55,26.05
$GPRMC,053027.000,A,4457.7552,N,01356.4217,E,29.56,160.66,310719,,,A*59,26.05
$GPRMC,053028.000,A,4457.7476,N,01356.4255,E,28.76,160.26,310719,,,A*50,26.05
$GPRMC,053029.000,A,4457.7405,N,01356.4294,E,26.83,157.51,310719,,,A*58,26.05
$GPRMC,053030.000,A,4457.7337,N,01356.4336,E,26.43,154.16,310719,,,A*53,26.05
$GPRMC,053031.000,A,4457.7271,N,01356.4384,E,26.26,151.47,310719,,,A*5A,26.05
$GPRMC,053032.000,A,4457.7208,N,01356.4438,E,26.23,145.30,310719,,,A*57,26.05
$GPRMC,053033.000,A,4457.7146,N,01356.4502,E,28.23,142.24,310719,,,A*5B,26.05
$GPRMC,053034.000,A,4457.7090,N,01356.4587,E,31.32,124.85,310719,,,A*58,26.05
$GPRMC,053035.000,A,4457.7043,N,01356.4704,E,35.55,114.84,310719,,,A*59,26.05
$GPRMC,053036.000,A,4457.7004,N,01356.4838,E,37.97,112.45,310719,,,A*5E,26.05
$GPRMC,053037.000,A,4457.6955,N,01356.4974,E,39.72,121.42,310719,,,A*58,26.05
$GPRMC,053038.000,A,4457.6894,N,01356.5104,E,39.70,126.27,310719,,,A*53,26.05
$GPRMC,053039.000,A,4457.6830,N,01356.5228,E,39.04,125.68,310719,,,A*5A,26.05
$GPRMC,053040.000,A,4457.6767,N,01356.5349,E,37.67,125.12,310719,,,A*59,26.05
$GPRMC,053041.000,A,4457.6706,N,01356.5467,E,36.66,125.48,310719,,,A*5B,26.05
$GPRMC,053042.000,A,4457.6649,N,01356.5586,E,36.46,121.96,310719,,,A*59,26.05
$GPRMC,053043.000,A,4457.6605,N,01356.5711,E,35.20,110.85,310719,,,A*5F,26.05
$GPRMC,053044.000,A,4457.6579,N,01356.5848,E,36.45,98.77,310719,,,A*6F,26.05
$GPRMC,053045.000,A,4457.6574,N,01356.5992,E,37.02,88.64,310719,,,A*64,26.05
$GPRMC,053046.000,A,4457.6581,N,01356.6136,E,36.74,84.96,310719,,,A*69,26.05
$GPRMC,053047.000,A,4457.6588,N,01356.6275,E,35.86,90.60,310719,,,A*67,26.05
$GPRMC,053048.000,A,4457.6577,N,01356.6414,E,35.90,101.14,310719,,,A*54,26.05
$GPRMC,053049.000,A,4457.6546,N,01356.6550,E,36.73,109.94,310719,,,A*58,26.05
$GPRMC,053050.000,A,4457.6508,N,01356.6687,E,37.79,111.65,310719,,,A*5F,26.05
$GPRMC,053051.000,A,4457.6469,N,01356.6826,E,38.71,111.71,310719,,,A*5F,26.05
$GPRMC,053052.000,A,4457.6429,N,01356.6967,E,38.71,111.49,310719,,,A*57,26.05
$GPRMC,053053.000,A,4457.6390,N,01356.7109,E,39.02,111.74,310719,,,A*59,26.05
$GPRMC,053054.000,A,4457.6349,N,01356.7252,E,38.95,112.55,310719,,,A*58,26.05
$GPRMC,053055.000,A,4457.6307,N,01356.7395,E,39.41,112.44,310719,,,A*51,26.05
$GPRMC,053056.000,A,4457.6265,N,01356.7540,E,39.80,111.86,310719,,,A*59,26.05
$GPRMC,053057.000,A,4457.6222,N,01356.7686,E,39.68,111.96,310719,,,A*55,26.05
$GPRMC,053058.000,A,4457.6180,N,01356.7832,E,40.01,112.11,310719,,,A*5D,26.05
$GPRMC,053059.000,A,4457.6138,N,01356.7977,E,39.75,111.97,310719,,,A*5F,26.05
$GPRMC,053100.000,A,4457.6096,N,01356.8122,E,39.98,112.09,310719,,,A*57,26.05
$GPRMC,053101.000,A,4457.6054,N,01356.8265,E,39.94,111.85,310719,,,A*53,26.05
$GPRMC,053102.000,A,4457.6013,N,01356.8409,E,39.88,111.80,310719,,,A*57,26.05
$GPRMC,053103.000,A,4457.5972,N,01356.8551,E,38.97,111.88,310719,,,A*50,26.05
$GPRMC,053104.000,A,4457.5932,N,01356.8692,E,38.60,111.80,310719,,,A*5F,26.05
$GPRMC,053105.000,A,4457.5892,N,01356.8832,E,38.26,111.66,310719,,,A*5B,26.05
$GPRMC,053106.000,A,4457.5852,N,01356.8970,E,38.27,112.04,310719,,,A*55,26.05
$GPRMC,053107.000,A,4457.5812,N,01356.9107,E,37.41,112.46,310719,,,A*50,26.05
$GPRMC,053108.000,A,4457.5772,N,01356.9243,E,37.12,112.35,310719,,,A*57,26.05
$GPRMC,053109.000,A,4457.5735,N,01356.9379,E,37.17,109.66,310719,,,A*54,26.05
$GPRMC,053110.000,A,4457.5700,N,01356.9516,E,37.27,110.14,310719,,,A*5B,26.05
$GPRMC,053111.000,A,4457.5667,N,01356.9655,E,37.27,107.88,310719,,,A*5D,25.73
$GPRMC,053112.000,A,4457.5638,N,01356.9797,E,37.76,103.97,310719,,,A*55,25.73
$GPRMC,053113.000,A,4457.5615,N,01356.9941,E,37.77,102.05,310719,,,A*55,26.05
$GPRMC,053114.000,A,4457.5592,N,01357.0085,E,37.76,102.89,310719,,,A*52,26.05
$GPRMC,053115.000,A,4457.5569,N,01357.0228,E,37.85,103.09,310719,,,A*57,25.73
$GPRMC,053116.000,A,4457.5539,N,01357.0368,E,37.14,109.98,310719,,,A*5E,26.05
$GPRMC,053117.000,A,4457.5494,N,01357.0503,E,36.97,120.69,310719,,,A*5D,25.73
$GPRMC,053118.000,A,4457.5434,N,01357.0621,E,37.61,130.46,310719,,,A*5F,25.73
$GPRMC,053119.000,A,4457.5364,N,01357.0728,E,37.19,135.26,310719,,,A*58,25.73
$GPRMC,053120.000,A,4457.5288,N,01357.0828,E,36.95,138.36,310719,,,A*57,25.73
$GPRMC,053121.000,A,4457.5209,N,01357.0920,E,36.51,141.76,310719,,,A*54,26.05
$GPRMC,053122.000,A,4457.5127,N,01357.1005,E,35.91,143.17,310719,,,A*5D,26.05
$GPRMC,053123.000,A,4457.5047,N,01357.1089,E,35.43,142.99,310719,,,A*57,26.05
$GPRMC,053124.000,A,4457.4971,N,01357.1179,E,35.98,138.41,310719,,,A*5D,25.73
$GPRMC,053125.000,A,4457.4900,N,01357.1274,E,35.45,136.37,310719,,,A*5B,26.05
$GPRMC,053126.000,A,4457.4830,N,01357.1370,E,35.34,135.63,310719,,,A*5B,26.05
$GPRMC,053127.000,A,4457.4762,N,01357.1466,E,34.80,135.16,310719,,,A*5E,26.05
$GPRMC,053128.000,A,4457.4694,N,01357.1561,E,34.78,135.02,310719,,,A*5D,26.05
$GPRMC,053129.000,A,4457.4629,N,01357.1654,E,34.09,135.41,310719,,,A*5E,25.73
$GPRMC,053130.000,A,4457.4563,N,01357.1747,E,33.60,135.22,310719,,,A*55,26.05
$GPRMC,053131.000,A,4457.4498,N,01357.1838,E,33.13,134.52,310719,,,A*54,26.05
$GPRMC,053132.000,A,4457.4436,N,01357.1930,E,32.28,133.00,310719,,,A*53,26.05
$GPRMC,053133.000,A,4457.4378,N,01357.2023,E,31.56,130.75,310719,,,A*5C,26.05
$GPRMC,053134.000,A,4457.4323,N,01357.2117,E,31.05,128.17,310719,,,A*58,26.05
$GPRMC,053135.000,A,4457.4273,N,01357.2212,E,29.94,125.28,310719,,,A*5B,26.05
$GPRMC,053136.000,A,4457.4228,N,01357.2304,E,27.38,123.38,310719,,,A*5F,26.05
$GPRMC,053137.000,A,4457.4189,N,01357.2387,E,23.68,122.66,310719,,,A*56,26.05
$GPRMC,053138.000,A,4457.4159,N,01357.2457,E,18.99,120.77,310719,,,A*5A,26.05
$GPRMC,053139.000,A,4457.4134,N,01357.2506,E,13.00,135.69,310719,,,A*55,26.05
$GPRMC,053140.000,A,4457.4111,N,01357.2531,E,8.96,149.33,310719,,,A*69,26.05
$GPRMC,053141.000,A,4457.4094,N,01357.2541,E,4.73,168.09,310719,,,A*6E,26.05
$GPRMC,053142.000,A,4457.4081,N,01357.2543,E,4.68,172.86,310719,,,A*6D,26.05
$GPRMC,053143.000,A,4457.4061,N,01357.2539,E,9.63,193.93,310719,,,A*62,26.05
$GPRMC,053144.000,A,4457.4032,N,01357.2524,E,12.31,205.45,310719,,,A*55,26.05
$GPRMC,053145.000,A,4457.4000,N,01357.2495,E,14.96,217.34,310719,,,A*50,26.05
$GPRMC,053146.000,A,4457.3962,N,01357.2452,E,20.05,220.55,310719,,,A*5C,26.05
$GPRMC,053147.000,A,4457.3917,N,01357.2397,E,22.15,220.75,310719,,,A*50,26.05
$GPRMC,053148.000,A,4457.3868,N,01357.2335,E,24.79,221.78,310719,,,A*5E,26.05
$GPRMC,053149.000,A,4457.3813,N,01357.2265,E,28.63,221.62,310719,,,A*5B,26.05
$GPRMC,053150.000,A,4457.3749,N,01357.2189,E,30.91,219.77,310719,,,A*59,26.05
$GPRMC,053151.000,A,4457.3682,N,01357.2108,E,32.51,220.90,310719,,,A*5A,26.05
$GPRMC,053152.000,A,4457.3612,N,01357.2022,E,34.28,221.07,310719,,,A*5E,26.05
$GPRMC,053153.000,A,4457.3538,N,01357.1932,E,35.55,220.71,310719,,,A*54,26.05
$GPRMC,053154.000,A,4457.3461,N,01357.1839,E,36.61,220.24,310719,,,A*50,26.05
$GPRMC,053155.000,A,4457.3382,N,01357.1744,E,37.81,220.86,310719,,,A*59,26.05
$GPRMC,053156.000,A,4457.3303,N,01357.1646,E,38.12,220.53,310719,,,A*5D,26.05
$GPRMC,053157.000,A,4457.3221,N,01357.1547,E,38.67,220.33,310719,,,A*5B,26.05
$GPRMC,053158.000,A,4457.3139,N,01357.1446,E,39.25,220.46,310719,,,A*5B,26.05
$GPRMC,053159.000,A,4457.3052,N,01357.1346,E,39.94,218.27,310719,,,A*57,26.05
$GPRMC,053200.000,A,4457.2962,N,01357.1250,E,40.24,215.69,310719,,,A*57,26.05
$GPRMC,053201.000,A,4457.2868,N,01357.1158,E,40.71,213.49,310719,,,A*52,26.05
$GPRMC,053202.000,A,4457.2771,N,01357.1069,E,41.05,211.75,310719,,,A*5A,26.05
$GPRMC,053203.000,A,4457.2669,N,01357.0985,E,41.76,209.14,310719,,,A*53,26.05
$GPRMC,053204.000,A,4457.2565,N,01357.0905,E,42.67,207.04,310719,,,A*5F,26.05
$GPRMC,053205.000,A,4457.2458,N,01357.0831,E,42.73,204.82,310719,,,A*5F,26.05
$GPRMC,053206.000,A,4457.2348,N,01357.0762,E,42.79,202.50,310719,,,A*50,26.05
$GPRMC,053207.000,A,4457.2236,N,01357.0699,E,43.12,200.86,310719,,,A*59,26.05
$GPRMC,053208.000,A,4457.2126,N,01357.0641,E,43.25,200.25,310719,,,A*5C,26.05
$GPRMC,053209.000,A,4457.2015,N,01357.0585,E,42.39,199.07,310719,,,A*58,25.73
$GPRMC,053210.000,A,4457.1903,N,01357.0530,E,42.42,198.26,310719,,,A*5D,26.05
$GPRMC,053211.000,A,4457.1791,N,01357.0478,E,42.55,197.90,310719,,,A*50,26.05
$GPRMC,053212.000,A,4457.1679,N,01357.0427,E,42.41,198.17,310719,,,A*5B,26.05
$GPRMC,053213.000,A,4457.1567,N,01357.0375,E,42.27,198.28,310719,,,A*5A,26.05
$GPRMC,053214.000,A,4457.1459,N,01357.0322,E,42.19,198.32,310719,,,A*55,26.05
$GPRMC,053215.000,A,4457.1348,N,01357.0270,E,42.23,198.18,310719,,,A*54,26.05
$GPRMC,053216.000,A,4457.1236,N,01357.0218,E,42.18,198.25,310719,,,A*57,26.05
$GPRMC,053217.000,A,4457.1125,N,01357.0166,E,42.13,198.32,310719,,,A*50,26.05
$GPRMC,053218.000,A,4457.1014,N,01357.0115,E,42.12,197.89,310719,,,A*56,26.05
$GPRMC,053219.000,A,4457.0902,N,01357.0064,E,42.13,197.73,310719,,,A*5B,26.05
$GPRMC,053220.000,A,4457.0790,N,01357.0014,E,42.32,197.64,310719,,,A*56,26.05
$GPRMC,053221.000,A,4457.0678,N,01356.9963,E,42.49,197.78,310719,,,A*50,26.05
$GPRMC,053222.000,A,4457.0565,N,01356.9911,E,42.55,197.98,310719,,,A*5A,26.05
$GPRMC,053223.000,A,4457.0451,N,01356.9860,E,42.62,198.15,310719,,,A*54,26.05
$GPRMC,053224.000,A,4457.0338,N,01356.9807,E,42.67,198.36,310719,,,A*5E,26.05
$GPRMC,053225.000,A,4457.0225,N,01356.9751,E,43.01,200.22,310719,,,A*58,26.05
$GPRMC,053226.000,A,4457.0114,N,01356.9687,E,42.92,204.10,310719,,,A*5E,26.05
$GPRMC,053227.000,A,4457.0008,N,01356.9611,E,43.00,210.06,310719,,,A*54,26.05
$GPRMC,053228.000,A,4456.9907,N,01356.9517,E,43.30,216.07,310719,,,A*54,26.05
$GPRMC,053229.000,A,4456.9811,N,01356.9412,E,43.61,218.79,310719,,,A*54,26.05
$GPRMC,053230.000,A,4456.9716,N,01356.9304,E,43.82,218.60,310719,,,A*51,26.05
$GPRMC,053231.000,A,4456.9620,N,01356.9196,E,43.74,217.99,310719,,,A*5D,26.05
$GPRMC,053232.000,A,4456.9525,N,01356.9091,E,42.97,218.30,310719,,,A*5E,26.05
$GPRMC,053233.000,A,4456.9432,N,01356.8985,E,42.66,218.62,310719,,,A*5C,26.05
$GPRMC,053234.000,A,4456.9339,N,01356.8880,E,42.63,218.91,310719,,,A*5A,26.05
$GPRMC,053235.000,A,4456.9247,N,01356.8773,E,42.57,219.37,310719,,,A*5A,26.05
$GPRMC,053236.000,A,4456.9155,N,01356.8666,E,43.26,219.11,310719,,,A*5F,26.05
$GPRMC,053237.000,A,4456.9061,N,01356.8557,E,43.72,219.40,310719,,,A*5C,26.05
$GPRMC,053238.000,A,4456.8967,N,01356.8447,E,44.28,219.29,310719,,,A*5A,26.05
$GPRMC,053239.000,A,4456.8870,N,01356.8336,E,44.80,218.58,310719,,,A*58,26.05
$GPRMC,053240.000,A,4456.8772,N,01356.8226,E,45.30,218.45,310719,,,A*5D,25.73
$GPRMC,053241.000,A,4456.8673,N,01356.8114,E,45.76,218.71,310719,,,A*5B,26.05
$GPRMC,053242.000,A,4456.8574,N,01356.8000,E,45.82,218.82,310719,,,A*5F,26.05
$GPRMC,053243.000,A,4456.8474,N,01356.7887,E,45.87,218.52,310719,,,A*5F,26.05
$GPRMC,053244.000,A,4456.8373,N,01356.7774,E,45.86,218.32,310719,,,A*5C,26.05
$GPRMC,053245.000,A,4456.8274,N,01356.7662,E,45.82,219.15,310719,,,A*5D,26.05
$GPRMC,053246.000,A,4456.8177,N,01356.7546,E,45.81,221.22,310719,,,A*57,26.05
$GPRMC,053247.000,A,4456.8083,N,01356.7424,E,45.84,224.07,310719,,,A*5E,26.05
$GPRMC,053248.000,A,4456.7994,N,01356.7295,E,46.05,227.11,310719,,,A*53,25.73
$GPRMC,053249.000,A,4456.7908,N,01356.7160,E,46.11,229.26,310719,,,A*51,26.05
$GPRMC,053250.000,A,4456.7825,N,01356.7022,E,46.18,230.12,310719,,,A*56,26.05
$GPRMC,053251.000,A,4456.7742,N,01356.6882,E,46.20,230.29,310719,,,A*59,25.73
$GPRMC,053252.000,A,4456.7661,N,01356.6742,E,46.31,230.48,310719,,,A*5E,26.05
$GPRMC,053253.000,A,4456.7577,N,01356.6602,E,46.65,230.21,310719,,,A*50,26.05
$GPRMC,053254.000,A,4456.7494,N,01356.6461,E,46.69,230.07,310719,,,A*54,26.05
$GPRMC,053255.000,A,4456.7410,N,01356.6319,E,46.70,230.20,310719,,,A*5C,26.05
$GPRMC,053256.000,A,4456.7325,N,01356.6177,E,46.81,230.21,310719,,,A*5B,25.73
$GPRMC,053257.000,A,4456.7239,N,01356.6034,E,47.65,229.94,310719,,,A*5D,25.73
$GPRMC,053258.000,A,4456.7154,N,01356.5890,E,47.88,230.05,310719,,,A*5C,26.05
$GPRMC,053259.000,A,4456.7068,N,01356.5746,E,48.07,230.15,310719,,,A*5E,25.73
$GPRMC,053300.000,A,4456.6982,N,01356.5602,E,48.12,230.18,310719,,,A*57,25.73
$GPRMC,053301.000,A,4456.6896,N,01356.5457,E,48.30,229.96,310719,,,A*5E,25.73
$GPRMC,053302.000,A,4456.6810,N,01356.5311,E,47.72,230.67,310719,,,A*59,25.73
$GPRMC,053303.000,A,4456.6725,N,01356.5167,E,48.38,229.98,310719,,,A*5B,25.73
$GPRMC,053304.000,A,4456.6639,N,01356.5023,E,47.47,230.16,310719,,,A*58,25.73
$GPRMC,053305.000,A,4456.6555,N,01356.4882,E,46.46,230.07,310719,,,A*52,26.05
$GPRMC,053306.000,A,4456.6473,N,01356.4745,E,45.24,229.90,310719,,,A*51,26.05
$GPRMC,053307.000,A,4456.6394,N,01356.4611,E,43.97,230.48,310719,,,A*5D,26.05
$GPRMC,053308.000,A,4456.6317,N,01356.4479,E,43.25,230.77,310719,,,A*50,26.05
$GPRMC,053309.000,A,4456.6240,N,01356.4348,E,43.51,230.45,310719,,,A*55,25.73
$GPRMC,053310.000,A,4456.6163,N,01356.4216,E,43.78,230.33,310719,,,A*5F,26.05
$GPRMC,053311.000,A,4456.6084,N,01356.4084,E,43.95,230.06,310719,,,A*5A,26.05
$GPRMC,053312.000,A,4456.6007,N,01356.3954,E,44.21,229.76,310719,,,A*56,26.05
$GPRMC,053313.000,A,4456.5929,N,01356.3822,E,43.45,230.40,310719,,,A*59,26.05
$GPRMC,053314.000,A,4456.5852,N,01356.3692,E,43.38,230.22,310719,,,A*58,25.73
$GPRMC,053315.000,A,4456.5775,N,01356.3562,E,42.98,230.29,310719,,,A*5F,26.05
$GPRMC,053316.000,A,4456.5700,N,01356.3433,E,42.67,230.10,310719,,,A*51,25.73
$GPRMC,053317.000,A,4456.5625,N,01356.3306,E,42.26,230.23,310719,,,A*52,26.05
$GPRMC,053318.000,A,4456.5548,N,01356.3181,E,42.05,228.35,310719,,,A*57,26.05
$GPRMC,053319.000,A,4456.5469,N,01356.3064,E,42.44,221.76,310719,,,A*55,26.05
$GPRMC,053320.000,A,4456.5380,N,01356.2958,E,42.06,218.43,310719,,,A*52,26.05
$GPRMC,053321.000,A,4456.5287,N,01356.2861,E,42.12,214.71,310719,,,A*56,26.05
$GPRMC,053322.000,A,4456.5192,N,01356.2767,E,42.09,215.95,310719,,,A*5A,26.05
$GPRMC,053323.000,A,4456.5097,N,01356.2671,E,42.39,214.65,310719,,,A*54,26.05
$GPRMC,053324.000,A,4456.5000,N,01356.2577,E,42.25,214.85,310719,,,A*5B,26.05
$GPRMC,053325.000,A,4456.4904,N,01356.2483,E,42.40,214.24,310719,,,A*54,26.05
$GPRMC,053326.000,A,4456.4807,N,01356.2389,E,42.40,214.09,310719,,,A*57,26.05
$GPRMC,053327.000,A,4456.4709,N,01356.2297,E,42.38,213.73,310719,,,A*5C,26.05
$GPRMC,053328.000,A,4456.4612,N,01356.2204,E,42.33,214.39,310719,,,A*50,26.05
$GPRMC,053329.000,A,4456.4515,N,01356.2111,E,42.33,214.11,310719,,,A*58,26.05
$GPRMC,053330.000,A,4456.4418,N,01356.2019,E,41.84,213.63,310719,,,A*58,26.05
$GPRMC,053331.000,A,4456.4322,N,01356.1929,E,40.98,214.86,310719,,,A*5E,26.05
$GPRMC,053332.000,A,4456.4234,N,01356.1830,E,40.72,221.07,310719,,,A*59,26.05
$GPRMC,053333.000,A,4456.4153,N,01356.1718,E,41.24,228.67,310719,,,A*52,26.05
$GPRMC,053334.000,A,4456.4083,N,01356.1589,E,41.84,236.46,310719,,,D*50,26.05
$GPRMC,053335.000,A,4456.4023,N,01356.1448,E,42.34,241.98,310719,,,D*5C,26.05
$GPRMC,053336.000,A,4456.3976,N,01356.1298,E,41.99,248.85,310719,,,D*5B,26.05
$GPRMC,053337.000,A,4456.3936,N,01356.1143,E,42.33,251.05,310719,,,D*58,26.05
$GPRMC,053338.000,A,4456.3898,N,01356.0982,E,43.76,251.71,310719,,,D*55,26.05
$GPRMC,053339.000,A,4456.3855,N,01356.0819,E,45.01,247.23,310719,,,D*50,26.05
$GPRMC,053340.000,A,4456.3800,N,01356.0661,E,45.21,241.21,310719,,,D*59,26.05
$GPRMC,053341.000,A,4456.3733,N,01356.0510,E,45.67,235.31,310719,,,D*52,26.05
$GPRMC,053342.000,A,4456.3657,N,01356.0366,E,46.07,232.41,310719,,,D*50,26.05
$GPRMC,053343.000,A,4456.3578,N,01356.0222,E,47.09,231.89,310719,,,D*56,26.05
$GPRMC,053344.000,A,4456.3496,N,01356.0075,E,47.78,232.01,310719,,,D*55,26.05
$GPRMC,053345.000,A,4456.3413,N,01355.9927,E,48.68,231.85,310719,,,D*5C,26.05
$GPRMC,053346.000,A,4456.3329,N,01355.9775,E,49.49,232.08,310719,,,D*5C,26.05
$GPRMC,053347.000,A,4456.3243,N,01355.9622,E,50.19,231.96,310719,,,D*5A,26.05
$GPRMC,053348.000,A,4456.3154,N,01355.9466,E,51.11,230.76,310719,,,D*54,26.05
$GPRMC,053349.000,A,4456.3062,N,01355.9310,E,52.37,230.09,310719,,,D*58,26.05
$GPRMC,053350.000,A,4456.2971,N,01355.9151,E,52.65,231.75,310719,,,D*50,26.05
$GPRMC,053351.000,A,4456.2879,N,01355.8986,E,53.85,232.53,310719,,,D*53,25.73
$GPRMC,053352.000,A,4456.2789,N,01355.8818,E,53.20,233.61,310719,,,D*59,26.05
$GPRMC,053353.000,A,4456.2702,N,01355.8656,E,53.73,233.62,310719,,,D*5A,26.05
$GPRMC,053354.000,A,4456.2625,N,01355.8505,E,45.20,233.67,310719,,,D*58,26.05
$GPRMC,053355.000,A,4456.2553,N,01355.8370,E,41.41,232.26,310719,,,D*58,26.05
$GPRMC,053356.000,A,4456.2483,N,01355.8245,E,39.94,231.21,310719,,,D*53,26.05
$GPRMC,053357.000,A,4456.2410,N,01355.8125,E,41.44,227.69,310719,,,D*54,26.05
$GPRMC,053358.000,A,4456.2332,N,01355.7997,E,45.13,230.75,310719,,,D*5F,26.05
$GPRMC,053359.000,A,4456.2253,N,01355.7854,E,47.63,232.89,310719,,,D*52,26.05
$GPRMC,053400.000,A,4456.2173,N,01355.7706,E,47.38,233.17,310719,,,D*58,26.05
$GPRMC,053401.000,A,4456.2096,N,01355.7559,E,46.58,234.10,310719,,,D*5C,26.05
$GPRMC,053402.000,A,4456.2021,N,01355.7412,E,46.03,234.91,310719,,,D*5A,26.05
$GPRMC,053403.000,A,4456.1948,N,01355.7266,E,45.37,235.21,310719,,,D*55,26.05
$GPRMC,053404.000,A,4456.1875,N,01355.7124,E,44.84,233.86,310719,,,D*5A,26.05
$GPRMC,053405.000,A,4456.1802,N,01355.6984,E,44.18,233.30,310719,,,D*50,26.05
$GPRMC,053406.000,A,4456.1729,N,01355.6847,E,43.53,233.13,310719,,,D*52,26.05
$GPRMC,053407.000,A,4456.1658,N,01355.6711,E,42.98,233.06,310719,,,D*5A,26.05
$GPRMC,053408.000,A,4456.1588,N,01355.6577,E,42.29,234.04,310719,,,D*56,25.73
$GPRMC,053409.000,A,4456.1519,N,01355.6444,E,41.88,233.69,310719,,,D*5A,26.05
$GPRMC,053410.000,A,4456.1446,N,01355.6314,E,42.62,229.89,310719,,,D*59,26.05
$GPRMC,053411.000,A,4456.1369,N,01355.6194,E,41.10,225.52,310719,,,D*54,26.05
$GPRMC,053412.000,A,4456.1293,N,01355.6088,E,36.49,223.22,310719,,,D*52,26.05
$GPRMC,053413.000,A,4456.1222,N,01355.5994,E,33.85,221.30,310719,,,D*5A,26.05
$GPRMC,053414.000,A,4456.1153,N,01355.5908,E,33.12,219.92,310719,,,D*50,26.05
$GPRMC,053415.000,A,4456.1084,N,01355.5824,E,33.28,220.27,310719,,,D*58,26.05
$GPRMC,053416.000,A,4456.1013,N,01355.5740,E,34.18,219.37,310719,,,D*57,26.05
$GPRMC,053417.000,A,4456.0941,N,01355.5654,E,34.99,220.70,310719,,,D*5D,26.05
$GPRMC,053418.000,A,4456.0867,N,01355.5565,E,35.56,219.83,310719,,,D*52,26.05
$GPRMC,053419.000,A,4456.0790,N,01355.5476,E,36.63,219.16,310719,,,D*5E,26.05
$GPRMC,053420.000,A,4456.0712,N,01355.5385,E,37.32,218.72,310719,,,D*53,26.05
$GPRMC,053421.000,A,4456.0631,N,01355.5292,E,37.66,219.38,310719,,,D*5B,26.05
$GPRMC,053422.000,A,4456.0551,N,01355.5198,E,38.08,219.51,310719,,,D*5C,26.05
$GPRMC,053423.000,A,4456.0470,N,01355.5102,E,38.34,219.61,310719,,,D*50,26.05
$GPRMC,053424.000,A,4456.0388,N,01355.5007,E,38.46,219.62,310719,,,D*55,26.05
$GPRMC,053425.000,A,4456.0305,N,01355.4911,E,38.80,219.26,310719,,,D*54,26.05
$GPRMC,053426.000,A,4456.0219,N,01355.4812,E,38.94,217.52,310719,,,D*51,26.05
$GPRMC,053427.000,A,4456.0125,N,01355.4710,E,43.90,218.17,310719,,,D*57,26.05
$GPRMC,053428.000,A,4456.0026,N,01355.4598,E,46.93,219.20,310719,,,D*5B,26.05
$GPRMC,053429.000,A,4455.9923,N,01355.4479,E,48.94,219.47,310719,,,D*5A,26.05
$GPRMC,053430.000,A,4455.9819,N,01355.4357,E,48.95,220.60,310719,,,D*5F,26.05
$GPRMC,053431.000,A,4455.9717,N,01355.4232,E,48.09,222.07,310719,,,D*5B,26.05
$GPRMC,053432.000,A,4455.9619,N,01355.4107,E,47.37,221.40,310719,,,D*50,26.05
$GPRMC,053433.000,A,4455.9520,N,01355.3986,E,46.57,220.42,310719,,,D*5A,26.05
$GPRMC,053434.000,A,4455.9422,N,01355.3869,E,45.85,220.01,310719,,,D*55,26.05
$GPRMC,053435.000,A,4455.9325,N,01355.3753,E,45.33,220.27,310719,,,D*5B,26.05
$GPRMC,053436.000,A,4455.9230,N,01355.3639,E,44.91,220.29,310719,,,D*57,26.05
$GPRMC,053437.000,A,4455.9135,N,01355.3525,E,44.42,220.27,310719,,,D*5E,26.05
$GPRMC,053438.000,A,4455.9040,N,01355.3416,E,43.85,219.10,310719,,,D*51,26.05
$GPRMC,053439.000,A,4455.8946,N,01355.3309,E,43.25,219.20,310719,,,D*5E,26.05
$GPRMC,053440.000,A,4455.8852,N,01355.3202,E,43.25,218.50,310719,,,D*58,26.05
$GPRMC,053441.000,A,4455.8759,N,01355.3096,E,43.02,219.93,310719,,,D*59,26.05
$GPRMC,053442.000,A,4455.8666,N,01355.2988,E,43.52,218.97,310719,,,D*50,26.05
$GPRMC,053443.000,A,4455.8573,N,01355.2881,E,43.51,219.39,310719,,,D*58,26.05
$GPRMC,053444.000,A,4455.8479,N,01355.2775,E,43.46,219.02,310719,,,D*5E,26.05
$GPRMC,053445.000,A,4455.8386,N,01355.2669,E,42.93,218.82,310719,,,D*54,26.05
$GPRMC,053446.000,A,4455.8295,N,01355.2564,E,42.20,219.24,310719,,,D*5F,26.05
$GPRMC,053447.000,A,4455.8205,N,01355.2460,E,41.87,219.72,310719,,,D*5F,26.05
$GPRMC,053448.000,A,4455.8116,N,01355.2357,E,41.41,219.50,310719,,,D*58,26.05
$GPRMC,053449.000,A,4455.8029,N,01355.2253,E,40.73,219.54,310719,,,D*55,26.05
$GPRMC,053450.000,A,4455.7943,N,01355.2152,E,40.25,219.53,310719,,,D*51,26.05
$GPRMC,053451.000,A,4455.7857,N,01355.2052,E,39.92,218.98,310719,,,D*51,26.05
$GPRMC,053452.000,A,4455.7770,N,01355.1955,E,39.82,217.40,310719,,,D*5E,26.05
$GPRMC,053453.000,A,4455.7681,N,01355.1864,E,39.66,214.65,310719,,,D*5D,26.05
$GPRMC,053454.000,A,4455.7591,N,01355.1778,E,39.44,213.66,310719,,,D*5E,26.05
$GPRMC,053455.000,A,4455.7498,N,01355.1694,E,39.51,212.06,310719,,,D*57,26.05
$GPRMC,053456.000,A,4455.7405,N,01355.1610,E,39.39,212.18,310719,,,D*5D,26.05
$GPRMC,053457.000,A,4455.7312,N,01355.1526,E,39.83,212.23,310719,,,D*52,26.05
$GPRMC,053458.000,A,4455.7218,N,01355.1440,E,39.63,212.27,310719,,,D*5D,26.05
$GPRMC,053459.000,A,4455.7122,N,01355.1354,E,40.99,212.11,310719,,,D*5A,26.05
$GPRMC,053500.000,A,4455.7026,N,01355.1267,E,41.01,212.34,310719,,,D*54,26.05
$GPRMC,053501.000,A,4455.6930,N,01355.1181,E,40.74,212.54,310719,,,D*54,26.05
$GPRMC,053502.000,A,4455.6835,N,01355.1095,E,39.78,213.31,310719,,,D*57,26.05
$GPRMC,053503.000,A,4455.6745,N,01355.1008,E,38.71,215.55,310719,,,D*56,26.05
$GPRMC,053504.000,A,4455.6661,N,01355.0916,E,37.89,219.86,310719,,,D*5B,26.05
$GPRMC,053505.000,A,4455.6583,N,01355.0820,E,36.78,222.76,310719,,,D*59,26.05
$GPRMC,053506.000,A,4455.6509,N,01355.0721,E,36.85,224.42,310719,,,D*55,26.05
$GPRMC,053507.000,A,4455.6436,N,01355.0618,E,37.12,226.15,310719,,,D*5D,26.05
$GPRMC,053508.000,A,4455.6366,N,01355.0512,E,37.12,228.67,310719,,,D*52,26.05
$GPRMC,053509.000,A,4455.6299,N,01355.0402,E,36.45,231.19,310719,,,D*50,26.05
$GPRMC,053510.000,A,4455.6237,N,01355.0291,E,35.68,233.41,310719,,,D*53,26.05
$GPRMC,053511.000,A,4455.6180,N,01355.0177,E,35.44,236.99,310719,,,D*58,26.05
$GPRMC,053512.000,A,4455.6128,N,01355.0061,E,35.11,238.69,310719,,,D*5E,26.05
$GPRMC,053513.000,A,4455.6077,N,01354.9943,E,35.16,238.81,310719,,,D*54,26.05
$GPRMC,053514.000,A,4455.6025,N,01354.9825,E,35.11,238.86,310719,,,D*55,26.05
$GPRMC,053515.000,A,4455.5973,N,01354.9709,E,34.92,237.69,310719,,,D*58,26.05
$GPRMC,053516.000,A,4455.5920,N,01354.9596,E,34.50,235.80,310719,,,D*52,26.05
$GPRMC,053517.000,A,4455.5863,N,01354.9487,E,34.50,233.70,310719,,,D*5D,26.05
$GPRMC,053518.000,A,4455.5806,N,01354.9379,E,34.46,232.79,310719,,,D*58,26.05
$GPRMC,053519.000,A,4455.5749,N,01354.9272,E,34.38,232.35,310719,,,D*56,26.05
$GPRMC,053520.000,A,4455.5689,N,01354.9164,E,34.33,231.98,310719,,,D*5A,26.05
$GPRMC,053521.000,A,4455.5629,N,01354.9058,E,34.33,231.83,310719,,,D*55,26.05
$GPRMC,053522.000,A,4455.5569,N,01354.8952,E,34.34,232.03,310719,,,D*5F,26.05
$GPRMC,053523.000,A,4455.5512,N,01354.8845,E,34.41,232.05,310719,,,D*51,26.05
$GPRMC,053524.000,A,4455.5453,N,01354.8740,E,34.33,231.95,310719,,,D*57,26.05
$GPRMC,053525.000,A,4455.5396,N,01354.8637,E,33.73,231.85,310719,,,D*5B,26.05
$GPRMC,053526.000,A,4455.5339,N,01354.8534,E,33.46,232.01,310719,,,D*54,26.05
$GPRMC,053527.000,A,4455.5282,N,01354.8430,E,33.52,232.81,310719,,,D*5C,26.05
$GPRMC,053528.000,A,4455.5225,N,01354.8326,E,33.43,232.67,310719,,,D*56,26.05
$GPRMC,053529.000,A,4455.5167,N,01354.8223,E,33.83,231.12,310719,,,D*5B,26.05
$GPRMC,053530.000,A,4455.5104,N,01354.8122,E,34.40,225.54,310719,,,D*5B,26.05
$GPRMC,053531.000,A,4455.5036,N,01354.8030,E,34.35,220.73,310719,,,D*5A,26.38
$GPRMC,053532.000,A,4455.4964,N,01354.7942,E,34.54,219.58,310719,,,D*51,26.38
$GPRMC,053533.000,A,4455.4889,N,01354.7856,E,35.11,219.55,310719,,,D*5B,26.38
$GPRMC,053534.000,A,4455.4813,N,01354.7768,E,35.43,219.30,310719,,,D*59,26.38
$GPRMC,053535.000,A,4455.4738,N,01354.7680,E,35.48,220.01,310719,,,D*5A,26.38
$GPRMC,053536.000,A,4455.4663,N,01354.7591,E,35.23,219.86,310719,,,D*5D,26.38
$GPRMC,053537.000,A,4455.4587,N,01354.7506,E,35.54,217.12,310719,,,D*58,26.05
$GPRMC,053538.000,A,4455.4507,N,01354.7430,E,34.89,211.78,310719,,,D*50,26.38
$GPRMC,053539.000,A,4455.4422,N,01354.7367,E,35.15,205.09,310719,,,D*55,26.38
$GPRMC,053540.000,A,4455.4333,N,01354.7317,E,35.01,199.82,310719,,,D*5B,26.38
$GPRMC,053541.000,A,4455.4242,N,01354.7279,E,34.88,195.00,310719,,,D*52,26.38
$GPRMC,053542.000,A,4455.4150,N,01354.7251,E,33.82,191.52,310719,,,D*55,26.38
$GPRMC,053543.000,A,4455.4057,N,01354.7228,E,33.82,190.57,310719,,,D*58,26.38
$GPRMC,053544.000,A,4455.3964,N,01354.7205,E,33.56,191.19,310719,,,D*5C,26.38
$GPRMC,053545.000,A,4455.3872,N,01354.7178,E,33.48,193.52,310719,,,D*50,26.38
$GPRMC,053546.000,A,4455.3785,N,01354.7140,E,32.66,201.35,310719,,,D*5B,26.38
$GPRMC,053547.000,A,4455.3703,N,01354.7085,E,33.04,209.84,310719,,,D*5B,26.38
$GPRMC,053548.000,A,4455.3628,N,01354.7015,E,32.06,217.11,310719,,,D*55,26.38
$GPRMC,053549.000,A,4455.3559,N,01354.6939,E,32.24,219.22,310719,,,D*59,26.38
$GPRMC,053550.000,A,4455.3492,N,01354.6859,E,31.81,220.87,310719,,,D*59,26.38
$GPRMC,053551.000,A,4455.3425,N,01354.6777,E,31.78,220.77,310719,,,D*5E,26.38
$GPRMC,053552.000,A,4455.3357,N,01354.6694,E,32.16,220.82,310719,,,D*52,26.38
$GPRMC,053553.000,A,4455.3290,N,01354.6610,E,32.44,221.48,310719,,,D*55,26.38
$GPRMC,053554.000,A,4455.3223,N,01354.6525,E,32.24,221.56,310719,,,D*56,26.38
$GPRMC,053555.000,A,4455.3156,N,01354.6440,E,32.49,222.31,310719,,,D*5D,26.38
$GPRMC,053556.000,A,4455.3090,N,01354.6353,E,32.43,223.21,310719,,,D*5A,26.38
$GPRMC,053557.000,A,4455.3026,N,01354.6265,E,32.03,225.07,310719,,,D*54,26.38
$GPRMC,053558.000,A,4455.2964,N,01354.6176,E,32.24,225.63,310719,,,D*53,26.38
$GPRMC,053559.000,A,4455.2902,N,01354.6086,E,32.15,226.55,310719,,,D*58,26.38
$GPRMC,053600.000,A,4455.2841,N,01354.5996,E,32.11,226.81,310719,,,D*57,26.38
$GPRMC,053601.000,A,4455.2780,N,01354.5906,E,31.52,226.33,310719,,,D*50,26.38
$GPRMC,053602.000,A,4455.2720,N,01354.5818,E,31.09,225.99,310719,,,D*5A,26.38
$GPRMC,053603.000,A,4455.2659,N,01354.5733,E,30.66,223.53,310719,,,D*5A,26.38
$GPRMC,053604.000,A,4455.2597,N,01354.5654,E,30.03,219.63,310719,,,D*55,26.38
$GPRMC,053605.000,A,4455.2531,N,01354.5584,E,29.41,215.44,310719,,,D*51,26.38
$GPRMC,053606.000,A,4455.2464,N,01354.5518,E,29.15,213.47,310719,,,D*52,26.38
$GPRMC,053607.000,A,4455.2397,N,01354.5456,E,28.75,212.43,310719,,,D*51,26.38
$GPRMC,053608.000,A,4455.2330,N,01354.5397,E,28.60,211.64,310719,,,D*5B,26.38
$GPRMC,053609.000,A,4455.2264,N,01354.5339,E,27.60,211.37,310719,,,D*57,26.38
$GPRMC,053610.000,A,4455.2200,N,01354.5284,E,26.81,211.63,310719,,,D*55,26.38
$GPRMC,053611.000,A,4455.2137,N,01354.5231,E,26.15,211.13,310719,,,D*57,26.38
$GPRMC,053612.000,A,4455.2075,N,01354.5179,E,26.09,210.81,310719,,,D*5B,26.38
$GPRMC,053613.000,A,4455.2013,N,01354.5127,E,25.93,210.66,310719,,,D*58,26.38
$GPRMC,053614.000,A,4455.1952,N,01354.5077,E,25.70,208.72,310719,,,D*55,26.38
$GPRMC,053615.000,A,4455.1890,N,01354.5032,E,24.55,208.52,310719,,,D*5E,26.38
$GPRMC,053616.000,A,4455.1831,N,01354.4991,E,23.25,206.83,310719,,,D*55,26.38
$GPRMC,053617.000,A,4455.1774,N,01354.4957,E,22.20,204.53,310719,,,D*5B,26.38
$GPRMC,053618.000,A,4455.1718,N,01354.4926,E,21.02,202.07,310719,,,D*5C,26.38
$GPRMC,053619.000,A,4455.1662,N,01354.4901,E,20.73,199.83,310719,,,D*5E,26.38
$GPRMC,053620.000,A,4455.1609,N,01354.4876,E,19.98,198.56,310719,,,D*5E,26.38
$GPRMC,053621.000,A,4455.1556,N,01354.4854,E,19.60,196.89,310719,,,D*5D,26.38
$GPRMC,053622.000,A,4455.1506,N,01354.4834,E,17.91,196.45,310719,,,D*5D,26.38
$GPRMC,053623.000,A,4455.1459,N,01354.4814,E,17.17,196.55,310719,,,D*5A,26.38
$GPRMC,053624.000,A,4455.1415,N,01354.4795,E,16.30,196.77,310719,,,D*57,26.38
$GPRMC,053625.000,A,4455.1375,N,01354.4781,E,15.59,196.53,310719,,,D*58,26.38
$GPRMC,053626.000,A,4455.1332,N,01354.4766,E,15.65,196.54,310719,,,D*59,26.38
$GPRMC,053627.000,A,4455.1290,N,01354.4748,E,16.13,196.24,310719,,,D*58,26.38
$GPRMC,053628.000,A,4455.1245,N,01354.4733,E,16.65,195.93,310719,,,D*5D,26.38
$GPRMC,053629.000,A,4455.1200,N,01354.4716,E,17.06,195.74,310719,,,D*57,26.38
$GPRMC,053630.000,A,4455.1153,N,01354.4697,E,17.33,196.17,310719,,,D*52,26.38
$GPRMC,053631.000,A,4455.1106,N,01354.4677,E,17.77,196.81,310719,,,D*52,26.38
$GPRMC,053632.000,A,4455.1059,N,01354.4656,E,17.73,197.64,310719,,,D*57,26.38
$GPRMC,053633.000,A,4455.1012,N,01354.4633,E,18.15,199.08,310719,,,D*51,26.70
$GPRMC,053634.000,A,4455.0964,N,01354.4607,E,18.43,201.09,310719,,,D*58,26.38
$GPRMC,053635.000,A,4455.0917,N,01354.4577,E,18.75,203.42,310719,,,D*51,26.38
$GPRMC,053636.000,A,4455.0871,N,01354.4545,E,17.90,206.18,310719,,,D*5C,26.38
$GPRMC,053637.000,A,4455.0828,N,01354.4510,E,17.88,209.02,310719,,,D*5C,26.70
$GPRMC,053638.000,A,4455.0784,N,01354.4472,E,18.13,211.75,310719,,,D*5B,26.70
$GPRMC,053639.000,A,4455.0742,N,01354.4431,E,18.20,214.42,310719,,,D*56,26.70
$GPRMC,053640.000,A,4455.0700,N,01354.4387,E,18.50,216.95,310719,,,D*5B,26.70
$GPRMC,053641.000,A,4455.0659,N,01354.4341,E,18.56,218.70,310719,,,D*5E,26.70
$GPRMC,053642.000,A,4455.0619,N,01354.4295,E,18.76,219.61,310719,,,D*52,26.70
$GPRMC,053643.000,A,4455.0578,N,01354.4248,E,18.82,219.76,310719,,,D*5A,26.70
$GPRMC,053644.000,A,4455.0538,N,01354.4203,E,18.21,219.34,310719,,,D*59,26.70
$GPRMC,053645.000,A,4455.0499,N,01354.4158,E,17.94,218.75,310719,,,D*5A,26.70
$GPRMC,053646.000,A,4455.0460,N,01354.4116,E,17.88,217.67,310719,,,D*54,26.70
$GPRMC,053647.000,A,4455.0419,N,01354.4076,E,17.90,216.15,310719,,,D*51,26.70
$GPRMC,053648.000,A,4455.0376,N,01354.4037,E,18.07,213.79,310719,,,D*5B,26.70
$GPRMC,053649.000,A,4455.0332,N,01354.4002,E,18.06,211.15,310719,,,D*55,26.70
$GPRMC,053650.000,A,4455.0288,N,01354.3967,E,17.89,209.56,310719,,,D*56,26.70
$GPRMC,053651.000,A,4455.0245,N,01354.3932,E,17.44,208.83,310719,,,D*5E,26.70
$GPRMC,053652.000,A,4455.0202,N,01354.3897,E,17.74,208.71,310719,,,D*5E,26.70
$GPRMC,053653.000,A,4455.0158,N,01354.3862,E,18.16,209.22,310719,,,D*55,26.70
$GPRMC,053654.000,A,4455.0114,N,01354.3825,E,18.36,209.54,310719,,,D*5A,26.70
$GPRMC,053655.000,A,4455.0069,N,01354.3790,E,17.95,209.51,310719,,,D*52,26.70
$GPRMC,053656.000,A,4455.0025,N,01354.3755,E,18.27,209.67,310719,,,D*53,26.70
$GPRMC,053657.000,A,4454.9981,N,01354.3719,E,17.80,209.99,310719,,,D*56,26.70
$GPRMC,053658.000,A,4454.9938,N,01354.3684,E,17.42,209.80,310719,,,D*58,26.70
$GPRMC,053659.000,A,4454.9897,N,01354.3653,E,15.88,209.29,310719,,,D*50,26.70
$GPRMC,053700.000,A,4454.9857,N,01354.3629,E,14.85,209.27,310719,,,D*5E,26.70
$GPRMC,053701.000,A,4454.9820,N,01354.3603,E,15.29,209.41,310719,,,D*50,26.70
$GPRMC,053702.000,A,4454.9780,N,01354.3575,E,15.83,208.86,310719,,,D*5E,26.70
$GPRMC,053703.000,A,4454.9741,N,01354.3545,E,16.32,208.71,310719,,,D*50,26.70
$GPRMC,053704.000,A,4454.9700,N,01354.3513,E,17.12,208.55,310719,,,D*54,26.70
$GPRMC,053705.000,A,4454.9656,N,01354.3479,E,18.47,208.47,310719,,,D*56,26.70
$GPRMC,053706.000,A,4454.9609,N,01354.3441,E,19.55,208.84,310719,,,D*59,26.70
$GPRMC,053707.000,A,4454.9560,N,01354.3402,E,20.59,209.71,310719,,,D*5E,26.70
$GPRMC,053708.000,A,4454.9510,N,01354.3359,E,21.51,210.97,310719,,,D*56,26.70
$GPRMC,053709.000,A,4454.9459,N,01354.3311,E,22.06,213.09,310719,,,D*52,26.70
$GPRMC,053710.000,A,4454.9407,N,01354.3259,E,23.25,214.48,310719,,,D*5E,26.70
$GPRMC,053711.000,A,4454.9350,N,01354.3208,E,24.68,214.08,310719,,,D*54,26.70
$GPRMC,053712.000,A,4454.9288,N,01354.3160,E,25.77,206.02,310719,,,D*58,26.70
$GPRMC,053713.000,A,4454.9222,N,01354.3115,E,26.75,204.03,310719,,,D*59,26.70
$GPRMC,053714.000,A,4454.9153,N,01354.3072,E,27.92,203.89,310719,,,D*56,26.70
$GPRMC,053715.000,A,4454.9080,N,01354.3026,E,29.05,204.86,310719,,,D*51,26.70
$GPRMC,053716.000,A,4454.9005,N,01354.2974,E,29.71,205.57,310719,,,D*5E,26.70
$GPRMC,053717.000,A,4454.8929,N,01354.2923,E,30.32,204.53,310719,,,D*51,26.70
$GPRMC,053718.000,A,4454.8851,N,01354.2874,E,30.72,203.42,310719,,,D*50,26.70
$GPRMC,053719.000,A,4454.8770,N,01354.2833,E,31.06,196.63,310719,,,D*50,26.70
$GPRMC,053720.000,A,4454.8687,N,01354.2809,E,31.01,187.38,310719,,,D*53,26.70
$GPRMC,053721.000,A,4454.8601,N,01354.2804,E,31.31,178.60,310719,,,D*5F,26.70
$GPRMC,053722.000,A,4454.8515,N,01354.2816,E,31.26,171.80,310719,,,D*58,26.70
$GPRMC,053723.000,A,4454.8426,N,01354.2839,E,33.11,168.36,310719,,,D*56,26.70
$GPRMC,053724.000,A,4454.8337,N,01354.2869,E,32.18,164.86,310719,,,D*5C,26.70
$GPRMC,053725.000,A,4454.8254,N,01354.2904,E,30.46,160.86,310719,,,D*5E,26.70
$GPRMC,053726.000,A,4454.8173,N,01354.2946,E,30.50,158.59,310719,,,D*53,26.70
$GPRMC,053727.000,A,4454.8097,N,01354.2994,E,29.64,153.88,310719,,,D*5E,26.70
$GPRMC,053728.000,A,4454.8026,N,01354.3047,E,28.29,150.11,310719,,,D*56,26.70
$GPRMC,053729.000,A,4454.7957,N,01354.3104,E,28.67,149.07,310719,,,D*54,26.70
$GPRMC,053730.000,A,4454.7888,N,01354.3162,E,29.23,149.37,310719,,,D*5D,26.70
$GPRMC,053731.000,A,4454.7817,N,01354.3217,E,29.27,152.43,310719,,,D*56,26.70
$GPRMC,053732.000,A,4454.7742,N,01354.3266,E,29.23,157.82,310719,,,D*50,26.70
$GPRMC,053733.000,A,4454.7665,N,01354.3305,E,30.09,162.95,310719,,,D*51,26.70
$GPRMC,053734.000,A,4454.7587,N,01354.3337,E,28.30,164.98,310719,,,D*50,26.70
$GPRMC,053735.000,A,4454.7506,N,01354.3360,E,29.91,171.18,310719,,,D*5C,26.70
$GPRMC,053736.000,A,4454.7423,N,01354.3375,E,29.94,173.91,310719,,,D*5B,26.70
$GPRMC,053737.000,A,4454.7339,N,01354.3388,E,30.45,174.16,310719,,,D*58,26.70
$GPRMC,053738.000,A,4454.7254,N,01354.3400,E,30.23,174.67,310719,,,D*5C,26.70
$GPRMC,053739.000,A,4454.7168,N,01354.3412,E,31.35,175.11,310719,,,D*54,26.70
$GPRMC,053740.000,A,4454.7080,N,01354.3421,E,31.77,175.28,310719,,,D*51,26.70
$GPRMC,053741.000,A,4454.6991,N,01354.3431,E,32.50,175.80,310719,,,D*5D,26.70
$GPRMC,053742.000,A,4454.6901,N,01354.3440,E,32.49,175.69,310719,,,D*5E,26.70
$GPRMC,053743.000,A,4454.6810,N,01354.3450,E,32.83,175.84,310719,,,D*5A,26.70
$GPRMC,053744.000,A,4454.6720,N,01354.3461,E,32.76,174.21,310719,,,D*57,26.70
$GPRMC,053745.000,A,4454.6630,N,01354.3480,E,33.00,170.21,310719,,,D*5D,26.70
$GPRMC,053746.000,A,4454.6538,N,01354.3506,E,33.82,166.55,310719,,,D*54,26.70
$GPRMC,053747.000,A,4454.6448,N,01354.3542,E,33.77,162.47,310719,,,D*5E,26.70
$GPRMC,053748.000,A,4454.6360,N,01354.3584,E,33.06,160.14,310719,,,D*54,26.70
$GPRMC,053749.000,A,4454.6275,N,01354.3629,E,33.54,159.28,310719,,,D*56,26.70
$GPRMC,053750.000,A,4454.6188,N,01354.3675,E,33.06,159.66,310719,,,D*5B,26.70
$GPRMC,053751.000,A,4454.6102,N,01354.3720,E,33.03,160.15,310719,,,D*52,26.70
$GPRMC,053752.000,A,4454.6015,N,01354.3763,E,32.96,160.51,310719,,,D*5C,26.70
$GPRMC,053753.000,A,4454.5928,N,01354.3805,E,33.18,161.36,310719,,,D*51,26.70
$GPRMC,053754.000,A,4454.5840,N,01354.3845,E,33.53,163.11,310719,,,D*55,26.70
$GPRMC,053755.000,A,4454.5751,N,01354.3882,E,33.20,164.59,310719,,,D*5F,26.70
$GPRMC,053756.000,A,4454.5659,N,01354.3912,E,34.13,168.98,310719,,,D*5B,26.70
$GPRMC,053757.000,A,4454.5568,N,01354.3931,E,32.93,174.72,310719,,,D*5D,26.70
$GPRMC,053758.000,A,4454.5476,N,01354.3935,E,33.52,181.45,310719,,,D*5A,26.70
$GPRMC,053759.000,A,4454.5381,N,01354.3925,E,34.37,187.94,310719,,,D*5B,26.70
$GPRMC,053800.000,A,4454.5286,N,01354.3900,E,34.79,192.10,310719,,,D*5B,26.70
$GPRMC,053801.000,A,4454.5191,N,01354.3869,E,34.51,193.53,310719,,,D*5D,26.70
$GPRMC,053802.000,A,4454.5098,N,01354.3836,E,34.05,194.41,310719,,,D*59,26.70
$GPRMC,053803.000,A,4454.5007,N,01354.3803,E,33.97,194.73,310719,,,D*55,26.70
$GPRMC,053804.000,A,4454.4916,N,01354.3769,E,34.34,194.58,310719,,,D*5E,26.70
$GPRMC,053805.000,A,4454.4822,N,01354.3735,E,34.16,194.77,310719,,,D*5D,26.70
$GPRMC,053806.000,A,4454.4726,N,01354.3699,E,35.71,195.05,310719,,,D*56,26.70
$GPRMC,053807.000,A,4454.4629,N,01354.3663,E,35.98,194.80,310719,,,D*57,26.70
$GPRMC,053808.000,A,4454.4532,N,01354.3628,E,36.25,194.27,310719,,,D*56,26.70
$GPRMC,053809.000,A,4454.4433,N,01354.3593,E,36.26,194.17,310719,,,D*54,26.70
$GPRMC,053810.000,A,4454.4335,N,01354.3559,E,36.59,194.00,310719,,,D*55,26.70
$GPRMC,053811.000,A,4454.4238,N,01354.3525,E,35.91,194.30,310719,,,D*57,26.70
$GPRMC,053812.000,A,4454.4143,N,01354.3490,E,35.44,194.77,310719,,,D*5F,26.70
$GPRMC,053813.000,A,4454.4046,N,01354.3456,E,36.05,194.55,310719,,,D*56,26.70
$GPRMC,053814.000,A,4454.3950,N,01354.3420,E,35.81,195.26,310719,,,D*53,26.70
$GPRMC,053815.000,A,4454.3854,N,01354.3385,E,35.16,194.01,310719,,,D*55,26.70
$GPRMC,053816.000,A,4454.3758,N,01354.3357,E,35.15,190.82,310719,,,D*56,26.70
$GPRMC,053817.000,A,4454.3663,N,01354.3337,E,34.26,186.93,310719,,,D*5E,26.70
$GPRMC,053818.000,A,4454.3566,N,01354.3328,E,34.61,182.06,310719,,,D*52,26.70
$GPRMC,053819.000,A,4454.3471,N,01354.3327,E,34.08,178.94,310719,,,D*5A,26.70
$GPRMC,053820.000,A,4454.3377,N,01354.3330,E,33.71,179.29,310719,,,D*59,26.70
$GPRMC,053821.000,A,4454.3284,N,01354.3332,E,33.70,179.52,310719,,,D*5A,26.70
$GPRMC,053822.000,A,4454.3190,N,01354.3334,E,33.68,179.41,310719,,,D*52,26.70
$GPRMC,053823.000,A,4454.3096,N,01354.3336,E,34.49,179.44,310719,,,D*57,26.70
$GPRMC,053824.000,A,4454.3000,N,01354.3338,E,33.99,179.18,310719,,,D*52,26.70
$GPRMC,053825.000,A,4454.2904,N,01354.3341,E,34.98,178.41,310719,,,D*5A,26.70
$GPRMC,053826.000,A,4454.2807,N,01354.3344,E,34.76,179.33,310719,,,D*5A,26.70
$GPRMC,053827.000,A,4454.2707,N,01354.3345,E,36.84,180.10,310719,,,D*5D,26.70
$GPRMC,053828.000,A,4454.2606,N,01354.3344,E,36.40,180.77,310719,,,D*5A,26.70
$GPRMC,053829.000,A,4454.2506,N,01354.3346,E,36.10,179.16,310719,,,D*5E,26.70
$GPRMC,053830.000,A,4454.2406,N,01354.3350,E,36.71,178.59,310719,,,D*5D,26.70
$GPRMC,053831.000,A,4454.2308,N,01354.3354,E,35.75,179.30,310719,,,D*58,26.70
$GPRMC,053832.000,A,4454.2209,N,01354.3354,E,35.74,180.37,310719,,,D*5B,26.70
$GPRMC,053833.000,A,4454.2107,N,01354.3352,E,35.79,179.07,310719,,,D*59,26.70
$GPRMC,053834.000,A,4454.2008,N,01354.3355,E,35.72,178.94,310719,,,D*57,26.70
$GPRMC,053835.000,A,4454.1909,N,01354.3355,E,35.58,180.13,310719,,,D*5D,26.70
$GPRMC,053836.000,A,4454.1809,N,01354.3358,E,35.80,178.80,310719,,,D*5A,26.70
$GPRMC,053837.000,A,4454.1710,N,01354.3359,E,35.85,180.68,310719,,,D*59,26.70
$GPRMC,053838.000,A,4454.1609,N,01354.3359,E,35.81,180.19,310719,,,D*5D,26.70
$GPRMC,053839.000,A,4454.1509,N,01354.3358,E,36.35,180.94,310719,,,D*57,26.70
$GPRMC,053840.000,A,4454.1409,N,01354.3356,E,36.29,181.15,310719,,,D*53,26.70
$GPRMC,053841.000,A,4454.1310,N,01354.3354,E,35.96,180.62,310719,,,D*59,26.70
$GPRMC,053842.000,A,4454.1210,N,01354.3353,E,35.59,179.80,310719,,,D*55,26.70
$GPRMC,053843.000,A,4454.1111,N,01354.3354,E,35.57,179.07,310719,,,D*50,26.70
$GPRMC,053844.000,A,4454.1011,N,01354.3354,E,35.61,179.93,310719,,,D*5E,26.70
$GPRMC,053845.000,A,4454.0912,N,01354.3353,E,35.58,180.33,310719,,,D*55,26.70
$GPRMC,053846.000,A,4454.0814,N,01354.3352,E,35.32,180.42,310719,,,D*5A,26.70
$GPRMC,053847.000,A,4454.0716,N,01354.3352,E,35.36,180.52,310719,,,D*53,26.70
$GPRMC,053848.000,A,4454.0620,N,01354.3351,E,34.69,180.27,310719,,,D*52,26.70
$GPRMC,053849.000,A,4454.0525,N,01354.3352,E,34.91,179.93,310719,,,D*58,26.70
$GPRMC,053850.000,A,4454.0431,N,01354.3354,E,33.93,179.84,310719,,,D*51,26.70
$GPRMC,053851.000,A,4454.0337,N,01354.3354,E,33.89,180.55,310719,,,D*50,26.70
$GPRMC,053852.000,A,4454.0244,N,01354.3353,E,33.46,180.38,310719,,,D*59,26.70
$GPRMC,053853.000,A,4454.0152,N,01354.3350,E,33.40,180.56,310719,,,D*51,26.70
$GPRMC,053854.000,A,4454.0060,N,01354.3348,E,33.25,180.48,310719,,,D*53,26.70
$GPRMC,053855.000,A,4453.9969,N,01354.3347,E,32.95,180.37,310719,,,D*51,26.70
$GPRMC,053856.000,A,4453.9877,N,01354.3346,E,32.79,180.48,310719,,,D*57,26.70
$GPRMC,053857.000,A,4453.9787,N,01354.3344,E,32.58,180.27,310719,,,D*5E,26.70
$GPRMC,053858.000,A,4453.9697,N,01354.3344,E,32.62,179.56,310719,,,D*58,26.70
$GPRMC,053859.000,A,4453.9607,N,01354.3345,E,32.15,179.44,310719,,,D*52,26.70
$GPRMC,053900.000,A,4453.9519,N,01354.3345,E,32.21,179.56,310719,,,D*57,26.70
$GPRMC,053901.000,A,4453.9431,N,01354.3345,E,31.14,179.51,310719,,,D*5F,26.70
$GPRMC,053902.000,A,4453.9344,N,01354.3345,E,30.61,179.26,310719,,,D*5A,26.70
$GPRMC,053903.000,A,4453.9259,N,01354.3346,E,30.09,179.01,310719,,,D*5E,26.70
$GPRMC,053904.000,A,4453.9176,N,01354.3347,E,29.32,178.53,310719,,,D*50,26.70
$GPRMC,053905.000,A,4453.9095,N,01354.3349,E,28.09,178.36,310719,,,D*59,26.70
$GPRMC,053906.000,A,4453.9022,N,01354.3351,E,25.08,178.70,310719,,,D*51,26.70
$GPRMC,053907.000,A,4453.8959,N,01354.3349,E,20.34,180.32,310719,,,D*56,26.70
$GPRMC,053908.000,A,4453.8911,N,01354.3343,E,15.61,181.16,310719,,,D*5E,26.70
$GPRMC,053909.000,A,4453.8873,N,01354.3336,E,12.64,182.09,310719,,,D*57,26.70
$GPRMC,053910.000,A,4453.8849,N,01354.3330,E,8.45,182.92,310719,,,D*6A,26.70
$GPRMC,053911.000,A,4453.8833,N,01354.3325,E,6.39,183.72,310719,,,D*68,26.70
$GPRMC,053912.000,A,4453.8818,N,01354.3320,E,5.39,184.43,310719,,,D*61,26.70
$GPRMC,053913.000,A,4453.8805,N,01354.3316,E,4.28,185.67,310719,,,D*6F,26.70
$GPRMC,053914.000,A,4453.8797,N,01354.3312,E,2.88,185.67,310719,,,D*64,26.70
$GPRMC,053915.000,A,4453.8788,N,01354.3308,E,2.95,186.80,310719,,,D*66,26.70
$GPRMC,053916.000,A,4453.8778,N,01354.3305,E,3.63,187.95,310719,,,D*6A,26.70
$GPRMC,053917.000,A,4453.8767,N,01354.3301,E,5.08,189.08,310719,,,D*60,26.70
$GPRMC,053918.000,A,4453.8751,N,01354.3292,E,8.35,190.33,310719,,,D*62,26.70
$GPRMC,053919.000,A,4453.8728,N,01354.3277,E,10.16,207.54,310719,,,D*52,26.70
$GPRMC,053920.000,A,4453.8703,N,01354.3250,E,12.29,220.79,310719,,,D*50,27.02
$GPRMC,053921.000,A,4453.8678,N,01354.3212,E,14.07,233.08,310719,,,D*54,27.02
$GPRMC,053922.000,A,4453.8654,N,01354.3164,E,15.73,238.82,310719,,,D*50,27.02
$GPRMC,053923.000,A,4453.8628,N,01354.3113,E,16.91,235.33,310719,,,D*52,27.02
$GPRMC,053924.000,A,4453.8592,N,01354.3061,E,18.39,233.87,310719,,,D*56,27.02
$GPRMC,053925.000,A,4453.8551,N,01354.3026,E,16.49,231.24,310719,,,D*59,27.02
$GPRMC,053926.000,A,4453.8506,N,01354.3008,E,17.81,184.39,310719,,,D*50,27.02
$GPRMC,053927.000,A,4453.8457,N,01354.3013,E,18.14,167.58,310719,,,D*57,27.02
$GPRMC,053928.000,A,4453.8406,N,01354.3030,E,18.53,163.16,310719,,,D*50,27.02
$GPRMC,053929.000,A,4453.8355,N,01354.3046,E,19.84,163.91,310719,,,D*55,27.02
$GPRMC,053930.000,A,4453.8297,N,01354.3049,E,21.58,165.77,310719,,,D*59,27.02
$GPRMC,053931.000,A,4453.8240,N,01354.3032,E,20.51,198.63,310719,,,D*51,27.02
$GPRMC,053932.000,A,4453.8187,N,01354.2999,E,21.42,207.07,310719,,,D*57,27.02
$GPRMC,053933.000,A,4453.8133,N,01354.2955,E,22.87,213.50,310719,,,D*54,27.02
$GPRMC,053934.000,A,4453.8081,N,01354.2901,E,23.74,217.39,310719,,,D*5C,27.02
$GPRMC,053935.000,A,4453.8028,N,01354.2840,E,25.53,219.91,310719,,,D*55,27.02
$GPRMC,053936.000,A,4453.7973,N,01354.2770,E,27.68,223.91,310719,,,D*51,27.02
$GPRMC,053937.000,A,4453.7918,N,01354.2688,E,30.11,228.57,310719,,,D*52,27.02
$GPRMC,053938.000,A,4453.7864,N,01354.2598,E,30.30,230.48,310719,,,D*51,27.02
$GPRMC,053939.000,A,4453.7810,N,01354.2503,E,31.01,231.50,310719,,,D*5A,27.02
$GPRMC,053940.000,A,4453.7755,N,01354.2403,E,32.56,233.04,310719,,,D*59,27.02
$GPRMC,053941.000,A,4453.7700,N,01354.2298,E,33.79,235.24,310719,,,D*54,27.02
$GPRMC,053942.000,A,4453.7648,N,01354.2186,E,33.97,238.29,310719,,,D*56,27.02
$GPRMC,053943.000,A,4453.7598,N,01354.2072,E,34.30,240.11,310719,,,D*5D,27.02
$GPRMC,053944.000,A,4453.7547,N,01354.1954,E,35.00,238.80,310719,,,D*53,27.02
$GPRMC,053945.000,A,4453.7495,N,01354.1835,E,35.54,239.10,310719,,,D*53,27.02
$GPRMC,053946.000,A,4453.7444,N,01354.1715,E,35.71,240.19,310719,,,D*51,27.02
$GPRMC,053947.000,A,4453.7395,N,01354.1593,E,35.71,241.30,310719,,,D*5D,27.02
$GPRMC,053948.000,A,4453.7346,N,01354.1472,E,35.34,240.40,310719,,,D*55,27.02
$GPRMC,053949.000,A,4453.7295,N,01354.1351,E,35.86,239.44,310719,,,D*5E,27.02
$GPRMC,053950.000,A,4453.7242,N,01354.1229,E,35.82,239.53,310719,,,D*50,27.02
$GPRMC,053951.000,A,4453.7191,N,01354.1106,E,36.32,240.18,310719,,,D*5B,27.02
$GPRMC,053952.000,A,4453.7141,N,01354.0984,E,35.68,240.24,310719,,,D*55,27.02
$GPRMC,053953.000,A,4453.7095,N,01354.0866,E,34.38,241.54,310719,,,D*53,27.02
$GPRMC,053954.000,A,4453.7052,N,01354.0749,E,33.39,243.70,310719,,,D*5F,27.02
$GPRMC,053955.000,A,4453.7011,N,01354.0634,E,32.85,244.20,310719,,,D*56,27.02
$GPRMC,053956.000,A,4453.6970,N,01354.0517,E,32.91,245.38,310719,,,D*55,27.02
$GPRMC,053957.000,A,4453.6931,N,01354.0397,E,33.21,248.20,310719,,,D*51,27.02
$GPRMC,053958.000,A,4453.6886,N,01354.0279,E,33.24,243.88,310719,,,D*5E,27.02
$GPRMC,053959.000,A,4453.6843,N,01354.0164,E,32.29,243.55,310719,,,D*55,27.02
$GPRMC,054000.000,A,4453.6800,N,01354.0051,E,31.70,242.80,310719,,,D*51,27.02
$GPRMC,054001.000,A,4453.6760,N,01353.9944,E,30.69,242.59,310719,,,D*57,27.02
$GPRMC,054002.000,A,4453.6721,N,01353.9839,E,30.01,243.54,310719,,,D*58,27.02
$GPRMC,054003.000,A,4453.6683,N,01353.9735,E,29.42,244.18,310719,,,D*53,27.02
$GPRMC,054004.000,A,4453.6646,N,01353.9635,E,28.03,244.62,310719,,,D*55,27.02
$GPRMC,054005.000,A,4453.6608,N,01353.9534,E,28.74,243.25,310719,,,D*58,27.02
$GPRMC,054006.000,A,4453.6570,N,01353.9432,E,28.96,243.67,310719,,,D*5A,27.02
$GPRMC,054007.000,A,4453.6534,N,01353.9329,E,29.19,245.55,310719,,,D*57,27.02
$GPRMC,054008.000,A,4453.6500,N,01353.9224,E,28.77,246.91,310719,,,D*51,27.02
$GPRMC,054009.000,A,4453.6464,N,01353.9114,E,28.96,248.08,310719,,,D*52,27.02
$GPRMC,054010.000,A,4453.6430,N,01353.9003,E,30.43,249.25,310719,,,D*53,27.02
$GPRMC,054011.000,A,4453.6397,N,01353.8889,E,30.63,251.64,310719,,,D*5D,27.02
$GPRMC,054012.000,A,4453.6368,N,01353.8771,E,30.41,253.78,310719,,,D*59,27.02
$GPRMC,054013.000,A,4453.6345,N,01353.8654,E,30.71,256.01,310719,,,D*59,27.02
$GPRMC,054014.000,A,4453.6326,N,01353.8533,E,31.04,257.23,310719,,,D*5B,27.02
$GPRMC,054015.000,A,4453.6308,N,01353.8411,E,31.89,258.65,310719,,,D*5F,27.02
$GPRMC,054016.000,A,4453.6292,N,01353.8286,E,32.61,260.48,310719,,,D*57,27.02
$GPRMC,054017.000,A,4453.6279,N,01353.8157,E,33.97,262.56,310719,,,D*59,27.02
$GPRMC,054018.000,A,4453.6268,N,01353.8024,E,35.08,263.38,310719,,,D*5A,27.02
$GPRMC,054019.000,A,4453.6258,N,01353.7885,E,36.36,264.58,310719,,,D*5B,27.02
$GPRMC,054020.000,A,4453.6249,N,01353.7741,E,37.28,265.15,310719,,,D*50,27.02
$GPRMC,054021.000,A,4453.6242,N,01353.7595,E,37.97,265.83,310719,,,D*5A,27.02
$GPRMC,054022.000,A,4453.6237,N,01353.7445,E,38.83,266.27,310719,,,D*50,27.02
$GPRMC,054023.000,A,4453.6233,N,01353.7291,E,39.40,267.54,310719,,,D*51,27.02
$GPRMC,054024.000,A,4453.6233,N,01353.7136,E,39.46,270.80,310719,,,D*51,27.02
$GPRMC,054025.000,A,4453.6237,N,01353.6980,E,39.69,272.07,310719,,,D*50,27.02
$GPRMC,054026.000,A,4453.6240,N,01353.6822,E,40.03,270.44,310719,,,D*5D,27.02
$GPRMC,054027.000,A,4453.6239,N,01353.6664,E,40.18,268.02,310719,,,D*5F,27.02
$GPRMC,054028.000,A,4453.6232,N,01353.6505,E,41.04,265.62,310719,,,D*58,27.02
$GPRMC,054029.000,A,4453.6221,N,01353.6343,E,41.73,263.75,310719,,,D*5F,27.02
$GPRMC,054030.000,A,4453.6207,N,01353.6180,E,41.71,262.18,310719,,,D*56,27.02
$GPRMC,054031.000,A,4453.6191,N,01353.6017,E,42.41,261.31,310719,,,D*5C,27.02
$GPRMC,054032.000,A,4453.6172,N,01353.5851,E,43.27,260.24,310719,,,D*5F,27.02
$GPRMC,054033.000,A,4453.6152,N,01353.5683,E,43.61,259.79,310719,,,D*5D,27.02
$GPRMC,054034.000,A,4453.6130,N,01353.5513,E,43.86,259.23,310719,,,D*52,27.02
$GPRMC,054035.000,A,4453.6107,N,01353.5345,E,43.87,258.83,310719,,,D*58,27.02
$GPRMC,054036.000,A,4453.6083,N,01353.5175,E,44.23,258.33,310719,,,D*55,27.02
$GPRMC,054037.000,A,4453.6058,N,01353.5004,E,44.19,257.77,310719,,,D*53,27.02
$GPRMC,054038.000,A,4453.6029,N,01353.4834,E,44.32,256.84,310719,,,D*54,27.02
$GPRMC,054039.000,A,4453.5999,N,01353.4663,E,44.64,255.72,310719,,,D*51,27.02
$GPRMC,054040.000,A,4453.5966,N,01353.4492,E,44.89,254.94,310719,,,D*59,27.02
$GPRMC,054041.000,A,4453.5933,N,01353.4321,E,44.85,254.76,310719,,,D*57,27.02
$GPRMC,054042.000,A,4453.5897,N,01353.4149,E,45.35,254.23,310719,,,D*5D,27.02
$GPRMC,054043.000,A,4453.5861,N,01353.3977,E,45.54,253.45,310719,,,D*57,27.02
$GPRMC,054044.000,A,4453.5824,N,01353.3805,E,45.54,252.68,310719,,,D*5B,27.02
$GPRMC,054045.000,A,4453.5785,N,01353.3633,E,45.67,252.17,310719,,,D*5D,27.02
$GPRMC,054046.000,A,4453.5744,N,01353.3460,E,45.83,251.24,310719,,,D*5E,27.02
$GPRMC,054047.000,A,4453.5703,N,01353.3287,E,46.33,251.03,310719,,,D*5E,27.02
$GPRMC,054048.000,A,4453.5661,N,01353.3118,E,44.95,250.67,310719,,,D*5C,27.02
$GPRMC,054049.000,A,4453.5616,N,01353.2952,E,45.60,249.05,310719,,,D*5D,27.02
$GPRMC,054050.000,A,4453.5570,N,01353.2788,E,45.52,248.51,310719,,,D*5E,27.02
$GPRMC,054051.000,A,4453.5522,N,01353.2624,E,45.41,247.89,310719,,,D*57,27.02
$GPRMC,054052.000,A,4453.5473,N,01353.2460,E,45.04,247.27,310719,,,D*56,27.02
$GPRMC,054053.000,A,4453.5423,N,01353.2298,E,44.99,246.86,310719,,,D*5C,27.02
$GPRMC,054054.000,A,4453.5372,N,01353.2140,E,44.04,245.87,310719,,,D*58,27.02
$GPRMC,054055.000,A,4453.5320,N,01353.1987,E,43.12,244.02,310719,,,D*52,27.02
$GPRMC,054056.000,A,4453.5267,N,01353.1837,E,42.67,242.39,310719,,,D*54,27.02
$GPRMC,054057.000,A,4453.5212,N,01353.1692,E,41.81,242.10,310719,,,D*56,27.02
$GPRMC,054058.000,A,4453.5157,N,01353.1550,E,41.09,241.79,310719,,,D*5A,26.70
$GPRMC,054059.000,A,4453.5105,N,01353.1411,E,39.65,242.39,310719,,,D*5A,27.02
$GPRMC,054100.000,A,4453.5056,N,01353.1277,E,38.24,242.76,310719,,,D*59,26.70
$GPRMC,054101.000,A,4453.5008,N,01353.1148,E,37.10,242.35,310719,,,D*53,26.70
$GPRMC,054102.000,A,4453.4958,N,01353.1024,E,36.35,239.91,310719,,,D*52,27.02
$GPRMC,054103.000,A,4453.4910,N,01353.0904,E,34.50,240.57,310719,,,D*50,27.02
$GPRMC,054104.000,A,4453.4865,N,01353.0793,E,31.69,239.17,310719,,,D*51,27.02
$GPRMC,054105.000,A,4453.4822,N,01353.0690,E,30.33,238.46,310719,,,D*5A,27.02
$GPRMC,054106.000,A,4453.4784,N,01353.0596,E,26.13,239.88,310719,,,D*59,26.70
$GPRMC,054107.000,A,4453.4752,N,01353.0516,E,22.03,239.63,310719,,,D*5B,27.02
$GPRMC,054108.000,A,4453.4735,N,01353.0444,E,18.86,252.38,310719,,,D*54,27.02
$GPRMC,054109.000,A,4453.4730,N,01353.0374,E,18.08,272.89,310719,,,D*5A,27.02
$GPRMC,054110.000,A,4453.4731,N,01353.0304,E,17.82,270.63,310719,,,D*5F,27.02
$GPRMC,054111.000,A,4453.4715,N,01353.0237,E,18.59,242.11,310719,,,D*54,27.02
$GPRMC,054112.000,A,4453.4683,N,01353.0182,E,17.93,220.02,310719,,,D*5B,27.02
$GPRMC,054113.000,A,4453.4640,N,01353.0143,E,19.57,210.05,310719,,,D*5A,27.02
$GPRMC,054114.000,A,4453.4597,N,01353.0096,E,21.14,226.76,310719,,,D*50,27.02
$GPRMC,054115.000,A,4453.4563,N,01353.0030,E,22.37,239.12,310719,,,D*58,27.02
$GPRMC,054116.000,A,4453.4532,N,01352.9953,E,23.96,242.73,310719,,,D*5A,27.02
$GPRMC,054117.000,A,4453.4499,N,01352.9868,E,26.17,241.45,310719,,,D*58,27.02
$GPRMC,054118.000,A,4453.4462,N,01352.9780,E,27.05,239.33,310719,,,D*56,27.02
$GPRMC,054119.000,A,4453.4422,N,01352.9688,E,28.61,239.49,310719,,,D*5A,27.02
$GPRMC,054120.000,A,4453.4377,N,01352.9587,E,32.04,237.98,310719,,,D*51,27.02
$GPRMC,054121.000,A,4453.4329,N,01352.9476,E,34.45,238.39,310719,,,D*53,27.02
$GPRMC,054122.000,A,4453.4278,N,01352.9358,E,36.96,238.51,310719,,,D*5C,27.02
$GPRMC,054123.000,A,4453.4226,N,01352.9232,E,39.10,239.50,310719,,,D*5A,27.02
$GPRMC,054124.000,A,4453.4169,N,01352.9093,E,43.25,239.64,310719,,,D*50,27.02
$GPRMC,054125.000,A,4453.4107,N,01352.8940,E,46.96,240.18,310719,,,D*57,27.02
$GPRMC,054126.000,A,4453.4042,N,01352.8774,E,50.55,240.64,310719,,,D*5E,27.02
$GPRMC,054127.000,A,4453.3971,N,01352.8597,E,53.33,241.06,310719,,,D*58,27.02
$GPRMC,054128.000,A,4453.3899,N,01352.8415,E,53.16,241.13,310719,,,D*58,27.02
$GPRMC,054129.000,A,4453.3825,N,01352.8234,E,52.27,241.45,310719,,,D*5B,27.02
$GPRMC,054130.000,A,4453.3755,N,01352.8055,E,51.26,241.94,310719,,,D*50,27.02
$GPRMC,054131.000,A,4453.3685,N,01352.7879,E,50.56,241.95,310719,,,D*53,27.02
$GPRMC,054132.000,A,4453.3617,N,01352.7706,E,49.90,241.41,310719,,,D*57,27.02
$GPRMC,054133.000,A,4453.3547,N,01352.7536,E,49.39,241.09,310719,,,D*5E,27.02
$GPRMC,054134.000,A,4453.3480,N,01352.7367,E,48.71,241.18,310719,,,D*5C,27.02
$GPRMC,054135.000,A,4453.3414,N,01352.7200,E,48.31,240.87,310719,,,D*53,27.02
$GPRMC,054136.000,A,4453.3348,N,01352.7034,E,48.20,240.42,310719,,,D*52,27.02
$GPRMC,054137.000,A,4453.3280,N,01352.6868,E,48.81,240.24,310719,,,D*5D,27.02
$GPRMC,054138.000,A,4453.3211,N,01352.6704,E,48.52,239.88,310719,,,D*59,27.02
$GPRMC,054139.000,A,4453.3141,N,01352.6542,E,48.05,239.39,310719,,,D*56,27.02
$GPRMC,054140.000,A,4453.3072,N,01352.6379,E,48.05,238.95,310719,,,D*50,27.02
$GPRMC,054141.000,A,4453.3003,N,01352.6218,E,48.14,238.93,310719,,,D*57,27.02
$GPRMC,054142.000,A,4453.2932,N,01352.6058,E,48.25,237.56,310719,,,D*5C,27.02
$GPRMC,054143.000,A,4453.2860,N,01352.5899,E,48.07,237.01,310719,,,D*5F,27.02
$GPRMC,054144.000,A,4453.2789,N,01352.5743,E,48.05,236.96,310719,,,D*55,27.02
$GPRMC,054145.000,A,4453.2718,N,01352.5588,E,47.12,236.74,310719,,,D*5C,27.02
$GPRMC,054146.000,A,4453.2645,N,01352.5434,E,46.80,235.98,310719,,,D*5B,27.02
$GPRMC,054147.000,A,4453.2573,N,01352.5283,E,46.16,236.03,310719,,,D*58,27.02
$GPRMC,054148.000,A,4453.2502,N,01352.5133,E,45.95,235.96,310719,,,D*5E,27.02
$GPRMC,054149.000,A,4453.2431,N,01352.4984,E,45.94,235.72,310719,,,D*50,27.02
$GPRMC,054150.000,A,4453.2361,N,01352.4838,E,45.59,235.85,310719,,,D*55,27.02
$GPRMC,054151.000,A,4453.2289,N,01352.4691,E,45.48,235.17,310719,,,D*55,27.02
$GPRMC,054152.000,A,4453.2217,N,01352.4548,E,43.84,233.79,310719,,,D*5E,27.02
$GPRMC,054153.000,A,4453.2144,N,01352.4413,E,42.66,231.73,310719,,,D*50,27.02
$GPRMC,054154.000,A,4453.2066,N,01352.4286,E,43.20,226.99,310719,,,D*5D,27.02
$GPRMC,054155.000,A,4453.1983,N,01352.4166,E,43.45,224.00,310719,,,D*51,27.02
$GPRMC,054156.000,A,4453.1895,N,01352.4053,E,42.70,220.99,310719,,,D*50,27.02
$GPRMC,054157.000,A,4453.1806,N,01352.3946,E,42.00,219.74,310719,,,D*5F,27.02
$GPRMC,054158.000,A,4453.1715,N,01352.3843,E,41.61,218.69,310719,,,D*50,27.02
$GPRMC,054159.000,A,4453.1625,N,01352.3741,E,41.55,218.38,310719,,,D*5D,27.02
$GPRMC,054200.000,A,4453.1535,N,01352.3641,E,41.15,218.07,310719,,,D*59,27.02
$GPRMC,054201.000,A,4453.1446,N,01352.3541,E,40.97,217.74,310719,,,D*5E,27.02
$GPRMC,054202.000,A,4453.1357,N,01352.3443,E,40.53,217.87,310719,,,D*5D,27.02
$GPRMC,054203.000,A,4453.1269,N,01352.3346,E,40.55,217.74,310719,,,D*58,27.02
$GPRMC,054204.000,A,4453.1183,N,01352.3252,E,40.31,217.88,310719,,,D*5D,27.02
$GPRMC,054205.000,A,4453.1102,N,01352.3163,E,35.67,217.81,310719,,,D*5C,27.02
$GPRMC,054206.000,A,4453.1025,N,01352.3080,E,34.35,217.62,310719,,,D*5C,27.02
$GPRMC,054207.000,A,4453.0953,N,01352.3003,E,30.98,217.31,310719,,,D*5A,27.02
$GPRMC,054208.000,A,4453.0889,N,01352.2934,E,27.25,217.22,310719,,,D*5D,27.02
$GPRMC,054209.000,A,4453.0833,N,01352.2874,E,24.00,217.22,310719,,,D*5C,27.02
$GPRMC,054210.000,A,4453.0786,N,01352.2821,E,20.90,217.63,310719,,,D*5D,27.02
$GPRMC,054211.000,A,4453.0746,N,01352.2770,E,19.64,227.71,310719,,,D*5A,27.02
$GPRMC,054212.000,A,4453.0722,N,01352.2709,E,18.19,251.81,310719,,,D*50,27.02
$GPRMC,054213.000,A,4453.0704,N,01352.2644,E,17.73,248.64,310719,,,D*5D,27.02
$GPRMC,054214.000,A,4453.0675,N,01352.2590,E,17.76,223.68,310719,,,D*53,27.02
$GPRMC,054215.000,A,4453.0634,N,01352.2558,E,17.30,195.89,310719,,,D*50,27.02
$GPRMC,054216.000,A,4453.0584,N,01352.2544,E,19.71,189.89,310719,,,D*50,27.02
$GPRMC,054217.000,A,4453.0535,N,01352.2526,E,19.35,205.60,310719,,,D*5F,27.02
$GPRMC,054218.000,A,4453.0488,N,01352.2487,E,21.35,217.15,310719,,,D*57,27.02
$GPRMC,054219.000,A,4453.0439,N,01352.2437,E,23.93,218.27,310719,,,D*57,27.02
$GPRMC,054220.000,A,4453.0385,N,01352.2379,E,26.26,218.08,310719,,,D*56,27.02
$GPRMC,054221.000,A,4453.0326,N,01352.2314,E,28.30,217.96,310719,,,D*54,27.02
$GPRMC,054222.000,A,4453.0263,N,01352.2245,E,29.47,217.89,310719,,,D*5D,27.02
$GPRMC,054223.000,A,4453.0197,N,01352.2175,E,30.06,217.71,310719,,,D*5E,27.02
$GPRMC,054224.000,A,4453.0130,N,01352.2102,E,31.53,218.01,310719,,,D*5D,27.02
$GPRMC,054225.000,A,4453.0060,N,01352.2025,E,33.12,218.30,310719,,,D*59,27.02
$GPRMC,054226.000,A,4452.9986,N,01352.1944,E,34.60,218.00,310719,,,D*5F,27.02
$GPRMC,054227.000,A,4452.9909,N,01352.1859,E,35.22,218.55,310719,,,D*53,27.02
$GPRMC,054228.000,A,4452.9831,N,01352.1773,E,35.74,218.15,310719,,,D*56,27.02
$GPRMC,054229.000,A,4452.9752,N,01352.1686,E,35.99,218.17,310719,,,D*57,27.02
$GPRMC,054230.000,A,4452.9674,N,01352.1598,E,36.53,219.00,310719,,,D*54,27.02
$GPRMC,054231.000,A,4452.9596,N,01352.1510,E,35.83,219.88,310719,,,D*54,27.02
$GPRMC,054232.000,A,4452.9519,N,01352.1417,E,36.41,222.20,310719,,,D*51,27.02
$GPRMC,054233.000,A,4452.9442,N,01352.1314,E,39.35,227.03,310719,,,D*53,27.02
$GPRMC,054234.000,A,4452.9373,N,01352.1196,E,40.15,233.26,310719,,,D*57,27.02
$GPRMC,054235.000,A,4452.9309,N,01352.1064,E,41.56,237.34,310719,,,D*56,27.02
$GPRMC,054236.000,A,4452.9249,N,01352.0925,E,41.31,239.96,310719,,,D*5A,27.02
$GPRMC,054237.000,A,4452.9192,N,01352.0786,E,40.35,240.24,310719,,,D*5B,27.02
$GPRMC,054238.000,A,4452.9136,N,01352.0651,E,39.86,239.32,310719,,,D*5E,27.02
$GPRMC,054239.000,A,4452.9079,N,01352.0520,E,38.80,239.07,310719,,,D*51,27.02
$GPRMC,054240.000,A,4452.9024,N,01352.0395,E,39.20,238.43,310719,,,D*55,27.02
$GPRMC,054241.000,A,4452.8973,N,01352.0278,E,33.80,238.43,310719,,,D*5C,27.02
$GPRMC,054242.000,A,4452.8924,N,01352.0168,E,31.96,238.91,310719,,,D*55,27.02
$GPRMC,054243.000,A,4452.8878,N,01352.0061,E,31.62,239.11,310719,,,D*56,27.02
$GPRMC,054244.000,A,4452.8831,N,01351.9955,E,31.60,239.36,310719,,,D*5F,27.02
$GPRMC,054245.000,A,4452.8787,N,01351.9852,E,30.73,239.92,310719,,,D*57,27.02
$GPRMC,054246.000,A,4452.8747,N,01351.9754,E,28.60,240.11,310719,,,D*5F,27.02
$GPRMC,054247.000,A,4452.8708,N,01351.9661,E,26.92,239.36,310719,,,D*5A,27.02
$GPRMC,054248.000,A,4452.8674,N,01351.9574,E,24.76,240.88,310719,,,D*5B,27.02
$GPRMC,054249.000,A,4452.8643,N,01351.9490,E,22.52,241.47,310719,,,D*57,27.02
$GPRMC,054250.000,A,4452.8623,N,01351.9411,E,20.77,255.64,310719,,,D*51,27.02
$GPRMC,054251.000,A,4452.8613,N,01351.9338,E,18.34,265.03,310719,,,D*51,27.02
$GPRMC,054252.000,A,4452.8612,N,01351.9274,E,14.84,272.24,310719,,,D*5E,27.02
$GPRMC,054253.000,A,4452.8616,N,01351.9224,E,11.76,279.59,310719,,,D*57,27.02
$GPRMC,054254.000,A,4452.8625,N,01351.9194,E,7.97,288.79,310719,,,D*6C,27.02
$GPRMC,054255.000,A,4452.8632,N,01351.9175,E,5.00,289.57,310719,,,D*65,27.02
$GPRMC,054256.000,A,4452.8634,N,01351.9162,E,2.46,289.57,310719,,,D*63,27.02
$GPRMC,054257.000,A,4452.8635,N,01351.9158,E,0.05,289.57,310719,,,D*6F,27.02
$GPRMC,054258.000,A,4452.8636,N,01351.9158,E,0.03,289.57,310719,,,D*65,27.02
$GPRMC,054259.000,A,4452.8638,N,01351.9156,E,0.07,289.57,310719,,,D*60,27.02
$GPRMC,054300.000,A,4452.8641,N,01351.9149,E,0.32,289.57,310719,,,D*6B,27.34
$GPRMC,054301.000,A,4452.8646,N,01351.9128,E,7.55,290.89,310719,,,D*67,27.34
$GPRMC,054302.000,A,4452.8663,N,01351.9084,E,15.95,299.77,310719,,,D*53,27.34
$GPRMC,054303.000,A,4452.8693,N,01351.9021,E,22.57,305.63,310719,,,D*59,27.34
$GPRMC,054304.000,A,4452.8739,N,01351.8936,E,30.53,308.47,310719,,,D*5D,27.34
$GPRMC,054305.000,A,4452.8790,N,01351.8831,E,32.43,303.01,310719,,,D*53,27.34
$GPRMC,054306.000,A,4452.8831,N,01351.8706,E,36.99,287.71,310719,,,D*56,27.02
$GPRMC,054307.000,A,4452.8848,N,01351.8561,E,38.28,271.06,310719,,,D*57,27.34
$GPRMC,054308.000,A,4452.8838,N,01351.8414,E,37.58,259.40,310719,,,D*5C,27.34
$GPRMC,054309.000,A,4452.8811,N,01351.8277,E,36.46,249.90,310719,,,D*57,27.34
$GPRMC,054310.000,A,4452.8756,N,01351.8158,E,35.95,229.16,310719,,,D*58,27.02
$GPRMC,054311.000,A,4452.8677,N,01351.8073,E,36.16,207.82,310719,,,D*5A,27.02
$GPRMC,054312.000,A,4452.8582,N,01351.8023,E,35.73,194.40,310719,,,D*52,27.02
$GPRMC,054313.000,A,4452.8484,N,01351.8002,E,34.49,184.12,310719,,,D*59,27.02
$GPRMC,054314.000,A,4452.8389,N,01351.8006,E,33.95,173.17,310719,,,D*5B,27.02
$GPRMC,054315.000,A,4452.8300,N,01351.8044,E,32.94,154.25,310719,,,D*59,27.02
$GPRMC,054316.000,A,4452.8222,N,01351.8112,E,32.21,142.34,310719,,,D*50,27.02
$GPRMC,054317.000,A,4452.8157,N,01351.8196,E,31.47,133.10,310719,,,D*5F,27.02
$GPRMC,054318.000,A,4452.8107,N,01351.8292,E,29.94,119.01,310719,,,D*5D,27.02
$GPRMC,054319.000,A,4452.8074,N,01351.8399,E,29.35,107.75,310719,,,D*54,27.02
$GPRMC,054320.000,A,4452.8051,N,01351.8505,E,27.98,108.32,310719,,,D*5F,27.02
$GPRMC,054321.000,A,4452.8021,N,01351.8604,E,27.46,117.99,310719,,,D*57,27.02
$GPRMC,054322.000,A,4452.7980,N,01351.8692,E,27.20,129.46,310719,,,D*59,27.02
$GPRMC,054323.000,A,4452.7924,N,01351.8767,E,28.55,141.88,310719,,,D*5C,27.02
$GPRMC,054324.000,A,4452.7857,N,01351.8832,E,29.57,148.52,310719,,,D*5C,27.02
$GPRMC,054325.000,A,4452.7784,N,01351.8891,E,30.25,151.34,310719,,,D*50,27.02
$GPRMC,054326.000,A,4452.7709,N,01351.8948,E,31.30,152.13,310719,,,D*50,27.02
$GPRMC,054327.000,A,4452.7631,N,01351.9008,E,32.51,151.02,310719,,,D*50,27.02
$GPRMC,054328.000,A,4452.7550,N,01351.9069,E,33.16,152.17,310719,,,D*59,27.34
$GPRMC,054329.000,A,4452.7467,N,01351.9130,E,33.78,151.09,310719,,,D*54,27.02
$GPRMC,054330.000,A,4452.7386,N,01351.9198,E,33.80,147.97,310719,,,D*51,27.02
$GPRMC,054331.000,A,4452.7307,N,01351.9271,E,33.77,144.03,310719,,,D*5B,27.02
$GPRMC,054332.000,A,4452.7231,N,01351.9351,E,33.93,142.55,310719,,,D*50,27.02
$GPRMC,054333.000,A,4452.7153,N,01351.9429,E,34.47,146.32,310719,,,D*55,27.02
$GPRMC,054334.000,A,4452.7072,N,01351.9502,E,34.64,148.50,310719,,,D*53,27.34
$GPRMC,054335.000,A,4452.6988,N,01351.9572,E,35.13,150.48,310719,,,D*59,27.02
$GPRMC,054336.000,A,4452.6902,N,01351.9639,E,35.46,151.59,310719,,,D*55,27.34
$GPRMC,054337.000,A,4452.6815,N,01351.9704,E,34.93,152.47,310719,,,D*59,27.34
$GPRMC,054338.000,A,4452.6728,N,01351.9767,E,35.11,153.10,310719,,,D*5A,27.02
$GPRMC,054339.000,A,4452.6640,N,01351.9830,E,35.10,152.82,310719,,,D*52,27.34
$GPRMC,054340.000,A,4452.6552,N,01351.9893,E,34.64,151.58,310719,,,D*53,27.02
$GPRMC,054341.000,A,4452.6468,N,01351.9957,E,34.37,152.22,310719,,,D*5B,27.02
$GPRMC,054342.000,A,4452.6382,N,01352.0017,E,33.96,154.45,310719,,,D*57,27.34
$GPRMC,054343.000,A,4452.6297,N,01352.0071,E,33.10,156.83,310719,,,D*55,27.34
$GPRMC,054344.000,A,4452.6215,N,01352.0120,E,31.05,157.82,310719,,,D*5B,27.02
$GPRMC,054345.000,A,4452.6137,N,01352.0164,E,29.09,158.72,310719,,,D*5C,27.34
$GPRMC,054346.000,A,4452.6063,N,01352.0203,E,27.89,159.89,310719,,,D*5E,27.34
$GPRMC,054347.000,A,4452.5993,N,01352.0239,E,26.51,160.70,310719,,,D*5B,27.34
$GPRMC,054348.000,A,4452.5926,N,01352.0269,E,25.21,162.64,310719,,,D*5C,27.34
$GPRMC,054349.000,A,4452.5859,N,01352.0282,E,24.40,178.59,310719,,,D*52,27.34
$GPRMC,054350.000,A,4452.5789,N,01352.0276,E,25.27,185.82,310719,,,D*57,27.34
$GPRMC,054351.000,A,4452.5720,N,01352.0278,E,24.61,169.43,310719,,,D*57,27.34
$GPRMC,054352.000,A,4452.5657,N,01352.0313,E,24.93,146.99,310719,,,D*5E,27.02
$GPRMC,054353.000,A,4452.5598,N,01352.0369,E,27.44,146.32,310719,,,D*5A,27.34
$GPRMC,054354.000,A,4452.5530,N,01352.0417,E,28.82,158.88,310719,,,D*5A,27.34
$GPRMC,054355.000,A,4452.5451,N,01352.0451,E,31.05,166.08,310719,,,D*5D,27.34
$GPRMC,054356.000,A,4452.5363,N,01352.0479,E,34.50,168.11,310719,,,D*51,27.34
$GPRMC,054357.000,A,4452.5268,N,01352.0505,E,34.85,169.37,310719,,,D*5D,27.34
$GPRMC,054358.000,A,4452.5172,N,01352.0530,E,35.60,169.67,310719,,,D*53,27.34
$GPRMC,054359.000,A,4452.5071,N,01352.0555,E,36.63,170.19,310719,,,D*52,27.34
$GPRMC,054400.000,A,4452.4968,N,01352.0579,E,38.01,170.31,310719,,,D*57,27.34
$GPRMC,054401.000,A,4452.4863,N,01352.0605,E,38.26,169.58,310719,,,D*56,27.34
$GPRMC,054402.000,A,4452.4758,N,01352.0632,E,38.56,169.71,310719,,,D*5A,27.34
$GPRMC,054403.000,A,4452.4651,N,01352.0659,E,39.43,169.93,310719,,,D*57,27.34
$GPRMC,054404.000,A,4452.4543,N,01352.0686,E,39.22,169.68,310719,,,D*51,27.34
$GPRMC,054405.000,A,4452.4435,N,01352.0713,E,39.43,169.79,310719,,,D*5A,27.34
$GPRMC,054406.000,A,4452.4328,N,01352.0741,E,39.57,169.81,310719,,,D*57,27.02
$GPRMC,054407.000,A,4452.4221,N,01352.0769,E,39.82,169.92,310719,,,D*5E,27.34
$GPRMC,054408.000,A,4452.4112,N,01352.0796,E,39.64,169.60,310719,,,D*57,27.34
$GPRMC,054409.000,A,4452.4004,N,01352.0824,E,39.44,169.30,310719,,,D*51,27.02
$GPRMC,054410.000,A,4452.3896,N,01352.0852,E,39.26,169.30,310719,,,D*58,27.34
$GPRMC,054411.000,A,4452.3787,N,01352.0881,E,39.47,169.85,310719,,,D*51,27.34
$GPRMC,054412.000,A,4452.3678,N,01352.0909,E,39.75,169.61,310719,,,D*59,27.34
$GPRMC,054413.000,A,4452.3569,N,01352.0937,E,39.54,169.71,310719,,,D*54,27.02
$GPRMC,054414.000,A,4452.3460,N,01352.0964,E,39.76,169.54,310719,,,D*5A,27.02
$GPRMC,054415.000,A,4452.3352,N,01352.0993,E,39.71,169.57,310719,,,D*51,27.02
$GPRMC,054416.000,A,4452.3245,N,01352.1021,E,39.52,169.68,310719,,,D*59,27.34
$GPRMC,054417.000,A,4452.3138,N,01352.1048,E,39.46,170.00,310719,,,D*5D,27.02
$GPRMC,054418.000,A,4452.3031,N,01352.1075,E,39.23,169.88,310719,,,D*5F,27.02
$GPRMC,054419.000,A,4452.2924,N,01352.1101,E,39.23,169.83,310719,,,D*5B,27.02
$GPRMC,054420.000,A,4452.2817,N,01352.1128,E,39.17,169.66,310719,,,D*57,27.02
$GPRMC,054421.000,A,4452.2711,N,01352.1156,E,39.10,169.46,310719,,,D*53,27.34
$GPRMC,054422.000,A,4452.2605,N,01352.1184,E,38.71,169.45,310719,,,D*5E,27.02
$GPRMC,054423.000,A,4452.2498,N,01352.1212,E,38.74,169.53,310719,,,D*57,27.34
$GPRMC,054424.000,A,4452.2393,N,01352.1238,E,38.70,169.68,310719,,,D*58,27.02
$GPRMC,054425.000,A,4452.2289,N,01352.1265,E,38.28,169.68,310719,,,D*56,27.02
$GPRMC,054426.000,A,4452.2184,N,01352.1292,E,38.04,169.86,310719,,,D*5D,27.02
$GPRMC,054427.000,A,4452.2080,N,01352.1319,E,37.99,170.04,310719,,,D*52,27.02
$GPRMC,054428.000,A,4452.1976,N,01352.1346,E,37.92,169.48,310719,,,D*5F,27.02
$GPRMC,054429.000,A,4452.1874,N,01352.1372,E,37.48,169.42,310719,,,D*57,27.34
$GPRMC,054430.000,A,4452.1772,N,01352.1399,E,36.91,169.17,310719,,,D*56,27.02
$GPRMC,054431.000,A,4452.1672,N,01352.1426,E,36.37,169.64,310719,,,D*5D,27.02
$GPRMC,054432.000,A,4452.1574,N,01352.1451,E,35.91,169.70,310719,,,D*51,27.02
$GPRMC,054433.000,A,4452.1477,N,01352.1477,E,35.86,169.18,310719,,,D*5E,27.02
$GPRMC,054434.000,A,4452.1380,N,01352.1503,E,35.51,169.88,310719,,,D*57,27.34
$GPRMC,054435.000,A,4452.1284,N,01352.1527,E,34.91,170.22,310719,,,D*50,27.34
$GPRMC,054436.000,A,4452.1190,N,01352.1548,E,33.80,170.40,310719,,,D*5F,27.02
$GPRMC,054437.000,A,4452.1099,N,01352.1568,E,32.69,170.90,310719,,,D*5F,27.02
$GPRMC,054438.000,A,4452.1012,N,01352.1586,E,31.12,171.60,310719,,,D*52,27.34
$GPRMC,054439.000,A,4452.0931,N,01352.1602,E,28.76,172.04,310719,,,D*5E,27.02
$GPRMC,054440.000,A,4452.0857,N,01352.1617,E,25.79,172.10,310719,,,D*52,27.02
$GPRMC,054441.000,A,4452.0788,N,01352.1629,E,24.71,172.70,310719,,,D*5C,27.34
$GPRMC,054442.000,A,4452.0723,N,01352.1637,E,23.61,173.45,310719,,,D*50,27.34
$GPRMC,054443.000,A,4452.0660,N,01352.1645,E,22.13,174.24,310719,,,D*56,27.34
$GPRMC,054444.000,A,4452.0603,N,01352.1647,E,20.35,180.48,310719,,,D*51,27.34
$GPRMC,054445.000,A,4452.0549,N,01352.1633,E,20.35,197.88,310719,,,D*54,27.34
$GPRMC,054446.000,A,4452.0500,N,01352.1600,E,18.90,212.16,310719,,,D*57,27.34
$GPRMC,054447.000,A,4452.0457,N,01352.1575,E,14.61,190.08,310719,,,D*50,27.34
$GPRMC,054448.000,A,4452.0419,N,01352.1576,E,13.72,167.59,310719,,,D*5F,27.34
$GPRMC,054449.000,A,4452.0387,N,01352.1591,E,11.79,141.83,310719,,,D*5D,27.34
$GPRMC,054450.000,A,4452.0366,N,01352.1618,E,10.89,131.32,310719,,,D*5B,27.34
$GPRMC,054451.000,A,4452.0354,N,01352.1648,E,9.96,109.78,310719,,,D*6D,27.34
$GPRMC,054452.000,A,4452.0349,N,01352.1681,E,8.72,98.02,310719,,,D*58,27.34
$GPRMC,054453.000,A,4452.0348,N,01352.1717,E,11.17,85.48,310719,,,D*6F,27.34
$GPRMC,054454.000,A,4452.0355,N,01352.1763,E,13.15,74.98,310719,,,D*64,27.34
$GPRMC,054455.000,A,4452.0364,N,01352.1818,E,15.57,76.23,310719,,,D*66,27.34
$GPRMC,054456.000,A,4452.0370,N,01352.1881,E,17.56,77.50,310719,,,D*66,27.34
$GPRMC,054457.000,A,4452.0366,N,01352.1952,E,18.80,79.56,310719,,,D*63,27.34
$GPRMC,054458.000,A,4452.0357,N,01352.2030,E,20.94,81.80,310719,,,D*62,27.34
$GPRMC,054459.000,A,4452.0344,N,01352.2114,E,22.86,84.07,310719,,,D*6D,27.34
$GPRMC,054500.000,A,4452.0329,N,01352.2206,E,24.60,86.01,310719,,,D*61,27.34
$GPRMC,054501.000,A,4452.0310,N,01352.2300,E,25.49,107.08,310719,,,D*56,27.34
$GPRMC,054502.000,A,4452.0289,N,01352.2397,E,26.09,107.80,310719,,,D*5D,27.34
$GPRMC,054503.000,A,4452.0268,N,01352.2495,E,26.53,106.42,310719,,,D*56,27.34
$GPRMC,054504.000,A,4452.0248,N,01352.2596,E,26.60,103.67,310719,,,D*53,27.34
$GPRMC,054505.000,A,4452.0234,N,01352.2698,E,27.13,99.09,310719,,,D*6B,27.34
$GPRMC,054506.000,A,4452.0227,N,01352.2801,E,26.21,92.85,310719,,,D*6B,27.34
$GPRMC,054507.000,A,4452.0224,N,01352.2901,E,25.11,92.27,310719,,,D*60,27.34
$GPRMC,054508.000,A,4452.0223,N,01352.2996,E,24.11,91.01,310719,,,D*60,27.34
$GPRMC,054509.000,A,4452.0220,N,01352.3086,E,22.05,92.56,310719,,,D*69,27.34
$GPRMC,054510.000,A,4452.0219,N,01352.3168,E,19.77,91.94,310719,,,D*6A,27.34
$GPRMC,054511.000,A,4452.0219,N,01352.3242,E,18.42,89.30,310719,,,D*60,27.34
$GPRMC,054512.000,A,4452.0220,N,01352.3308,E,16.26,87.77,310719,,,D*67,27.34
$GPRMC,054513.000,A,4452.0234,N,01352.3363,E,14.18,54.24,310719,,,D*69,27.34
$GPRMC,054514.000,A,4452.0272,N,01352.3396,E,17.74,24.87,310719,,,D*61,27.34
$GPRMC,054515.000,A,4452.0317,N,01352.3421,E,17.73,18.48,310719,,,D*62,27.34
$GPRMC,054516.000,A,4452.0371,N,01352.3440,E,21.10,12.90,310719,,,D*69,27.34
$GPRMC,054517.000,A,4452.0430,N,01352.3461,E,22.96,13.94,310719,,,D*61,27.34
$GPRMC,054518.000,A,4452.0495,N,01352.3482,E,25.28,14.03,310719,,,D*67,27.34
$GPRMC,054519.000,A,4452.0566,N,01352.3505,E,26.81,13.04,310719,,,D*65,27.34
$GPRMC,054520.000,A,4452.0638,N,01352.3529,E,27.56,13.40,310719,,,D*62,27.34
$GPRMC,054521.000,A,4452.0713,N,01352.3555,E,28.01,13.01,310719,,,D*68,27.34
$GPRMC,054522.000,A,4452.0789,N,01352.3581,E,28.19,13.39,310719,,,D*63,27.34
$GPRMC,054523.000,A,4452.0865,N,01352.3608,E,28.45,13.90,310719,,,D*67,27.34
$GPRMC,054524.000,A,4452.0943,N,01352.3636,E,28.79,13.53,310719,,,D*68,27.34
$GPRMC,054525.000,A,4452.1021,N,01352.3660,E,28.75,13.08,310719,,,D*64,27.34
$GPRMC,054526.000,A,4452.1097,N,01352.3684,E,27.81,13.98,310719,,,D*6D,27.34
$GPRMC,054527.000,A,4452.1172,N,01352.3708,E,27.30,13.44,310719,,,D*68,27.34
$GPRMC,054528.000,A,4452.1245,N,01352.3730,E,26.59,13.15,310719,,,D*61,27.34
$GPRMC,054529.000,A,4452.1317,N,01352.3752,E,25.60,13.37,310719,,,D*6B,27.34
$GPRMC,054530.000,A,4452.1386,N,01352.3774,E,25.12,13.25,310719,,,D*69,27.34
$GPRMC,054531.000,A,4452.1454,N,01352.3796,E,24.16,13.27,310719,,,D*6B,27.34
$GPRMC,054532.000,A,4452.1520,N,01352.3815,E,23.07,13.24,310719,,,D*6A,27.34
$GPRMC,054533.000,A,4452.1580,N,01352.3834,E,21.88,12.99,310719,,,D*60,27.34
$GPRMC,054534.000,A,4452.1635,N,01352.3851,E,20.01,12.91,310719,,,D*61,27.34
$GPRMC,054535.000,A,4452.1686,N,01352.3865,E,18.61,12.30,310719,,,D*69,27.34
$GPRMC,054536.000,A,4452.1728,N,01352.3877,E,15.70,11.05,310719,,,D*64,27.34
$GPRMC,054537.000,A,4452.1764,N,01352.3885,E,13.20,10.52,310719,,,D*60,27.34
$GPRMC,054538.000,A,4452.1790,N,01352.3905,E,12.04,39.72,310719,,,D*63,27.34
$GPRMC,054539.000,A,4452.1809,N,01352.3945,E,12.76,63.20,310719,,,D*64,27.34
$GPRMC,054540.000,A,4452.1818,N,01352.3995,E,14.72,85.37,310719,,,D*6B,27.34
$GPRMC,054541.000,A,4452.1818,N,01352.4055,E,16.49,90.42,310719,,,D*64,27.34
$GPRMC,054542.000,A,4452.1819,N,01352.4120,E,17.05,90.25,310719,,,D*6D,27.34
$GPRMC,054543.000,A,4452.1820,N,01352.4188,E,17.70,88.10,310719,,,D*69,27.34
$GPRMC,054544.000,A,4452.1823,N,01352.4260,E,19.00,85.06,310719,,,D*6B,27.34
$GPRMC,054545.000,A,4452.1832,N,01352.4337,E,20.12,76.25,310719,,,D*6D,27.34
$GPRMC,054546.000,A,4452.1848,N,01352.4415,E,21.06,70.21,310719,,,D*62,27.34
$GPRMC,054547.000,A,4452.1870,N,01352.4491,E,21.04,67.21,310719,,,D*60,27.34
$GPRMC,054548.000,A,4452.1891,N,01352.4569,E,20.57,67.29,310719,,,D*69,27.34
$GPRMC,054549.000,A,4452.1917,N,01352.4639,E,20.58,61.51,310719,,,D*67,27.34
$GPRMC,054550.000,A,4452.1945,N,01352.4710,E,20.66,61.61,310719,,,D*6C,27.34
$GPRMC,054551.000,A,4452.1970,N,01352.4784,E,20.67,62.30,310719,,,D*60,27.34
$GPRMC,054552.000,A,4452.1990,N,01352.4861,E,20.84,63.42,310719,,,D*60,27.34
$GPRMC,054553.000,A,4452.2004,N,01352.4941,E,20.68,64.94,310719,,,D*6B,27.34
$GPRMC,054554.000,A,4452.2015,N,01352.5021,E,20.72,66.43,310719,,,D*61,27.34
$GPRMC,054555.000,A,4452.2026,N,01352.5100,E,20.15,67.52,310719,,,D*62,27.34
$GPRMC,054556.000,A,4452.2038,N,01352.5176,E,19.27,68.74,310719,,,D*6F,27.34
$GPRMC,054557.000,A,4452.2052,N,01352.5245,E,18.12,69.64,310719,,,D*66,27.34
$GPRMC,054558.000,A,4452.2067,N,01352.5311,E,17.22,69.09,310719,,,D*68,27.34
$GPRMC,054559.000,A,4452.2086,N,01352.5371,E,16.16,64.42,310719,,,D*64,27.34
$GPRMC,054600.000,A,4452.2105,N,01352.5425,E,14.66,64.01,310719,,,D*65,27.34
$GPRMC,054601.000,A,4452.2119,N,01352.5474,E,12.40,76.96,310719,,,D*62,27.67
$GPRMC,054602.000,A,4452.2116,N,01352.5515,E,10.30,115.14,310719,,,D*53,27.67
$GPRMC,054603.000,A,4452.2097,N,01352.5545,E,10.61,147.73,310719,,,D*5D,27.67
$GPRMC,054604.000,A,4452.2068,N,01352.5556,E,11.36,175.50,310719,,,D*5B,27.67
$GPRMC,054605.000,A,4452.2034,N,01352.5556,E,12.05,185.41,310719,,,D*5F,27.67
$GPRMC,054606.000,A,4452.2002,N,01352.5549,E,11.63,190.04,310719,,,D*51,27.67
$GPRMC,054607.000,A,4452.1969,N,01352.5543,E,12.24,187.69,310719,,,D*50,27.34
$GPRMC,054608.000,A,4452.1935,N,01352.5538,E,11.85,186.63,310719,,,D*59,27.67
$GPRMC,054609.000,A,4452.1902,N,01352.5531,E,11.04,186.13,310719,,,D*5B,27.67
$GPRMC,054610.000,A,4452.1873,N,01352.5524,E,9.73,185.88,310719,,,D*68,27.67
$GPRMC,054611.000,A,4452.1847,N,01352.5520,E,8.65,185.89,310719,,,D*6D,27.67
$GPRMC,054612.000,A,4452.1824,N,01352.5517,E,8.40,185.49,310719,,,D*64,27.67
$GPRMC,054613.000,A,4452.1802,N,01352.5512,E,8.36,185.14,310719,,,D*6D,27.67
$GPRMC,054614.000,A,4452.1781,N,01352.5510,E,8.30,184.05,310719,,,D*6B,27.67
$GPRMC,054615.000,A,4452.1758,N,01352.5508,E,8.32,183.45,310719,,,D*66,27.67
$GPRMC,054616.000,A,4452.1737,N,01352.5505,E,7.99,183.88,310719,,,D*6E,27.67
$GPRMC,054617.000,A,4452.1717,N,01352.5501,E,7.61,184.88,310719,,,D*69,27.67
$GPRMC,054618.000,A,4452.1697,N,01352.5498,E,7.80,186.10,310719,,,D*62,27.67
$GPRMC,054619.000,A,4452.1678,N,01352.5494,E,6.47,187.60,310719,,,D*62,27.67
$GPRMC,054620.000,A,4452.1657,N,01352.5490,E,8.48,188.26,310719,,,D*6D,27.67
$GPRMC,054621.000,A,4452.1637,N,01352.5487,E,6.65,189.19,310719,,,D*60,27.67
$GPRMC,054622.000,A,4452.1617,N,01352.5483,E,7.95,188.44,310719,,,D*62,27.67
$GPRMC,054623.000,A,4452.1596,N,01352.5483,E,7.93,186.87,310719,,,D*6E,27.67
$GPRMC,054624.000,A,4452.1573,N,01352.5482,E,8.11,185.80,310719,,,D*62,27.67
$GPRMC,054625.000,A,4452.1550,N,01352.5479,E,8.52,184.49,310719,,,D*65,27.67
$GPRMC,054626.000,A,4452.1526,N,01352.5477,E,8.69,183.84,310719,,,D*67,27.67
$GPRMC,054627.000,A,4452.1501,N,01352.5475,E,8.98,184.81,310719,,,D*6D,27.67
$GPRMC,054628.000,A,4452.1477,N,01352.5471,E,8.82,185.38,310719,,,D*6E,27.67
$GPRMC,054629.000,A,4452.1453,N,01352.5469,E,8.46,185.62,310719,,,D*67,27.67
$GPRMC,054630.000,A,4452.1430,N,01352.5468,E,8.48,185.91,310719,,,D*69,27.67
$GPRMC,054631.000,A,4452.1408,N,01352.5464,E,8.03,192.83,310719,,,D*65,27.67
$GPRMC,054632.000,A,4452.1388,N,01352.5456,E,7.59,202.85,310719,,,D*64,27.67
$GPRMC,054633.000,A,4452.1368,N,01352.5443,E,8.05,212.70,310719,,,D*62,27.67
$GPRMC,054634.000,A,4452.1352,N,01352.5426,E,7.78,230.63,310719,,,D*68,27.67
$GPRMC,054635.000,A,4452.1338,N,01352.5404,E,7.98,233.31,310719,,,D*6F,27.67
$GPRMC,054636.000,A,4452.1327,N,01352.5379,E,8.20,250.58,310719,,,D*69,27.67
$GPRMC,054637.000,A,4452.1322,N,01352.5348,E,8.23,266.43,310719,,,D*63,27.67
$GPRMC,054638.000,A,4452.1321,N,01352.5317,E,8.73,275.24,310719,,,D*63,27.67
$GPRMC,054639.000,A,4452.1324,N,01352.5284,E,9.07,276.60,310719,,,D*6D,27.67
$GPRMC,054640.000,A,4452.1325,N,01352.5256,E,9.00,275.62,310719,,,D*6B,27.67
$GPRMC,054641.000,A,4452.1326,N,01352.5224,E,8.70,275.09,310719,,,D*67,27.67
$GPRMC,054642.000,A,4452.1321,N,01352.5192,E,7.42,265.76,310719,,,D*6A,27.67
$GPRMC,054643.000,A,4452.1315,N,01352.5169,E,5.48,255.17,310719,,,D*64,27.67
$GPRMC,054644.000,A,4452.1306,N,01352.5149,E,4.41,250.23,310719,,,D*69,27.67
$GPRMC,054645.000,A,4452.1299,N,01352.5132,E,4.35,248.05,310719,,,D*6D,27.67
$GPRMC,054646.000,A,4452.1296,N,01352.5119,E,3.09,235.10,310719,,,D*6E,27.67
$GPRMC,054647.000,A,4452.1291,N,01352.5108,E,3.34,228.75,310719,,,D*69,27.67
$GPRMC,054648.000,A,4452.1285,N,01352.5096,E,4.01,230.66,310719,,,D*6F,27.67
$GPRMC,054649.000,A,4452.1275,N,01352.5082,E,5.84,230.12,310719,,,D*6B,27.67
$GPRMC,054650.000,A,4452.1263,N,01352.5067,E,6.63,229.18,310719,,,D*67,27.67
$GPRMC,054651.000,A,4452.1248,N,01352.5057,E,6.67,226.00,310719,,,D*6E,27.67
$GPRMC,054652.000,A,4452.1231,N,01352.5054,E,6.83,221.75,310719,,,D*6F,27.67
$GPRMC,054653.000,A,4452.1213,N,01352.5053,E,6.75,219.33,310719,,,D*69,27.67
$GPRMC,054654.000,A,4452.1196,N,01352.5053,E,6.33,215.60,310719,,,D*68,27.67
$GPRMC,054655.000,A,4452.1180,N,01352.5051,E,5.96,212.23,310719,,,D*60,27.67
$GPRMC,054656.000,A,4452.1166,N,01352.5048,E,4.73,209.53,310719,,,D*64,27.67
$GPRMC,054657.000,A,4452.1155,N,01352.5048,E,3.28,207.28,310719,,,D*6E,27.67
$GPRMC,054658.000,A,4452.1149,N,01352.5047,E,2.01,206.12,310719,,,D*61,27.67
$GPRMC,054659.000,A,4452.1147,N,01352.5047,E,0.02,205.10,310719,,,D*6E,27.67
$GPRMC,054700.000,A,4452.1148,N,01352.5047,E,0.01,204.55,310719,,,D*6F,27.67
$GPRMC,054701.000,A,4452.1148,N,01352.5047,E,0.00,204.55,310719,,,D*6F,27.67
$GPRMC,054702.000,A,4452.1149,N,01352.5046,E,0.00,204.55,310719,,,D*6C,27.67
$GPRMC,054703.000,A,4452.1149,N,01352.5046,E,0.01,204.55,310719,,,D*6C,27.67
$GPRMC,054704.000,A,4452.1149,N,01352.5046,E,0.01,204.55,310719,,,D*6B,27.67
$GPRMC,054705.000,A,4452.1149,N,01352.5046,E,0.00,204.55,310719,,,D*6B,27.67
$GPRMC,054706.000,A,4452.1149,N,01352.5046,E,0.01,204.55,310719,,,D*69,27.99
$GPRMC,054707.000,A,4452.1149,N,01352.5046,E,0.01,204.55,310719,,,D*68,27.67
$GPRMC,054708.000,A,4452.1149,N,01352.5046,E,0.01,204.55,310719,,,D*67,27.99
$GPRMC,054709.000,A,4452.1150,N,01352.5047,E,0.02,204.55,310719,,,D*6C,27.99
$GPRMC,054710.000,A,4452.1150,N,01352.5047,E,0.03,204.55,310719,,,D*65,27.99
$GPRMC,054711.000,A,4452.1151,N,01352.5047,E,0.03,204.55,310719,,,D*65,27.99
$GPRMC,054712.000,A,4452.1152,N,01352.5047,E,0.04,204.55,310719,,,D*62,27.99
$GPRMC,054713.000,A,4452.1153,N,01352.5047,E,0.04,204.55,310719,,,D*62,27.99
$GPRMC,054714.000,A,4452.1154,N,01352.5048,E,0.04,204.55,310719,,,D*6D,27.99
$GPRMC,054715.000,A,4452.1155,N,01352.5048,E,0.04,204.55,310719,,,D*6D,27.99
$GPRMC,054716.000,A,4452.1156,N,01352.5048,E,0.04,204.55,310719,,,D*6D,27.67
$GPRMC,054717.000,A,4452.1157,N,01352.5049,E,0.03,204.55,310719,,,D*6B,27.99
$GPRMC,054718.000,A,4452.1158,N,01352.5049,E,0.02,204.55,310719,,,D*6A,27.67
$GPRMC,054719.000,A,4452.1158,N,01352.5050,E,0.02,204.55,310719,,,D*63,27.99
$GPRMC,054720.000,A,4452.1159,N,01352.5050,E,0.02,204.55,310719,,,D*68,27.99
$GPRMC,054721.000,A,4452.1159,N,01352.5050,E,0.02,204.55,310719,,,D*69,27.99
$GPRMC,054722.000,A,4452.1159,N,01352.5049,E,0.01,204.55,310719,,,D*61,27.99
$GPRMC,054723.000,A,4452.1160,N,01352.5050,E,0.00,204.55,310719,,,D*63,27.99
$GPRMC,054724.000,A,4452.1160,N,01352.5050,E,0.00,204.55,310719,,,D*64,27.99
$GPRMC,054725.000,A,4452.1160,N,01352.5050,E,0.08,204.55,310719,,,D*6D,27.99
$GPRMC,054726.000,A,4452.1160,N,01352.5050,E,0.03,204.55,310719,,,D*65,27.99
$GPRMC,054727.000,A,4452.1160,N,01352.5050,E,0.05,204.55,310719,,,D*62,27.99
$GPRMC,054728.000,A,4452.1160,N,01352.5050,E,0.02,204.55,310719,,,D*6A,27.99
$GPRMC,054729.000,A,4452.1160,N,01352.5051,E,0.00,204.55,310719,,,D*68,27.99
$GPRMC,054730.000,A,4452.1160,N,01352.5051,E,0.01,204.55,310719,,,D*61,27.99
$GPRMC,054731.000,A,4452.1160,N,01352.5051,E,0.00,204.55,310719,,,D*61,27.99
$GPRMC,054732.000,A,4452.1160,N,01352.5050,E,0.02,204.55,310719,,,D*61,27.99
$GPRMC,054733.000,A,4452.1160,N,01352.5051,E,0.05,204.55,310719,,,D*66,27.99
$GPRMC,054734.000,A,4452.1160,N,01352.5051,E,0.06,204.55,310719,,,D*62,27.99
$GPRMC,054735.000,A,4452.1160,N,01352.5051,E,0.04,204.55,310719,,,D*61,27.99
$GPRMC,054736.000,A,4452.1160,N,01352.5051,E,0.03,204.55,310719,,,D*65,27.99
$GPRMC,054737.000,A,4452.1160,N,01352.5051,E,0.02,204.55,310719,,,D*65,27.99
$GPRMC,054738.000,A,4452.1160,N,01352.5050,E,0.02,204.55,310719,,,D*6B,27.99
$GPRMC,054739.000,A,4452.1160,N,01352.5050,E,0.03,204.55,310719,,,D*6B,27.99
$GPRMC,054740.000,A,4452.1160,N,01352.5050,E,0.01,204.55,310719,,,D*67,27.99
$GPRMC,054741.000,A,4452.1160,N,01352.5050,E,0.04,204.55,310719,,,D*63,27.99
